Workbook

Sheet ReadMe
A1: MIL-STD-882E w/Change 1 — System Safety Basis of Estimate (BOE) Model
A3: How it works
A4: 1. Inputs: enter program start/end, the two SAR anchor estimates (P50 and P90 hours), the complexity level, the SwCI level, and the quantity drivers (subsystems, test events, ECPs, reviews).
A5: 2. Milestones: define your program milestones as months-after-start (or type a hard date in the override column). Every task's dates hang off these milestones.
A6: 3. BOE: one row per 882E task (and per LOE item). Each row is anchored one of three ways:
A7: SAR = ratio × SAR P50 hours × quantity (documents and analyses — the default)
A8: LOE = hours per month × months between its start and end milestones × quantity (meetings, HTS upkeep, reporting)
A9: FIXED = hours entered directly × quantity (anything you want to hard-size)
A10: The result is multiplied by the complexity factor (if 'Apply Cx' = Y) and the SwCI multiplier (if 'Apply SwCI' = Y).
A11: P90 = P50 × (SAR P90 ÷ SAR P50) unless a per-row P90 ratio override is entered.
A12: Set 'Tasked' to N to remove a task from the estimate without deleting the row (only Sections 3 and 4 of the standard are mandatory; tasks are cited by contract).
A13: 4. Phasing: spreads each row's hours evenly across its start–end window by month, and shows the monthly FTE load. Switch P50/P90 on the Inputs sheet.
... A31: Milestones: up to 30 rows are pre-wired. BOE: insert a row inside the table and copy the formulas down from the row above; Phasing and Timeline reference BOE rows 6–60.

Sheet Summary
A1: Estimate Summary
A2: ="Complexity: "&Inputs!$B$13&" ("&TEXT(Inputs!$B$16,"0.00")&") | SwCI "&Inputs!$B$21&" (×"&TEXT(Inputs!$B$22,"0.00")&") | SAR P50 "&TEXT(Inputs!$B$9,"#,##0")&" h, P90 "&TEXT(Inputs!$B$10,"#,##0")&" h" -> Complexity: Moderate (1.00) | SwCI 2 (×1.30) | SAR P50 800 h, P90 1,200 h
A4: Section | B4: Rows tasked | C4: P50 hours | D4: P90 hours | E4: P50 share | F4: P90 ÷ P50
A5: 100 Management | B5: =COUNTIFS(BOE!$B$6:$B$60,A5,BOE!$E$6:$E$60,"Y") -> 8 | C5: =SUMIFS(BOE!$R$6:$R$60,BOE!$B$6:$B$60,A5) -> 2434.924 | D5: =SUMIFS(BOE!$T$6:$T$60,BOE!$B$6:$B$60,A5) -> 3652.386 | E5: =IF($C$10>0,C5/$C$10,0) -> 0.2037048 | F5: =IF(C5>0,D5/C5,0) -> 1.5
A6: 200 Analysis | B6: =COUNTIFS(BOE!$B$6:$B$60,A6,BOE!$E$6:$E$60,"Y") -> 9 | C6: =SUMIFS(BOE!$R$6:$R$60,BOE!$B$6:$B$60,A6) -> 5424 | D6: =SUMIFS(BOE!$T$6:$T$60,BOE!$B$6:$B$60,A6) -> 8136 | E6: =IF($C$10>0,C6/$C$10,0) -> 0.45376973 | F6: =IF(C6>0,D6/C6,0) -> 1.5
A7: 300 Evaluation | B7: =COUNTIFS(BOE!$B$6:$B$60,A7,BOE!$E$6:$E$60,"Y") -> 3 | C7: =SUMIFS(BOE!$R$6:$R$60,BOE!$B$6:$B$60,A7) -> 1920 | D7: =SUMIFS(BOE!$T$6:$T$60,BOE!$B$6:$B$60,A7) -> 2880 | E7: =IF($C$10>0,C7/$C$10,0) -> 0.16062645 | F7: =IF(C7>0,D7/C7,0) -> 1.5
A8: 400 Verification | B8: =COUNTIFS(BOE!$B$6:$B$60,A8,BOE!$E$6:$E$60,"Y") -> 2 | C8: =SUMIFS(BOE!$R$6:$R$60,BOE!$B$6:$B$60,A8) -> 1352 | D8: =SUMIFS(BOE!$T$6:$T$60,BOE!$B$6:$B$60,A8) -> 2028 | E8: =IF($C$10>0,C8/$C$10,0) -> 0.11310779 | F8: =IF(C8>0,D8/C8,0) -> 1.5
A9: LOE / Other | B9: =COUNTIFS(BOE!$B$6:$B$60,A9,BOE!$E$6:$E$60,"Y") -> 3 | C9: =SUMIFS(BOE!$R$6:$R$60,BOE!$B$6:$B$60,A9) -> 822.27515 | D9: =SUMIFS(BOE!$T$6:$T$60,BOE!$B$6:$B$60,A9) -> 1233.4127 | E9: =IF($C$10>0,C9/$C$10,0) -> 0.06879122 | F9: =IF(C9>0,D9/C9,0) -> 1.5
A10: TOTAL | B10: =SUM(B5:B9) -> 25 | C10: =SUM(C5:C9) -> 11953.199 | D10: =SUM(D5:D9) -> 17929.799 | E10: =SUM(E5:E9) -> 1 | F10: =IF(C10>0,D10/C10,0) -> 1.5
A12: Program metrics
A13: Program duration (months) | B13: =(Inputs!$B$5-Inputs!$B$4)/(365.25/12) -> 35.876797
A14: Average FTE — P50 | B14: =IF(B13>0,C10/(B13*Inputs!$B$6),0) -> 2.1357278
A15: Average FTE — P90 | B15: =IF(B13>0,D10/(B13*Inputs!$B$6),0) -> 3.2035917
A16: Peak monthly FTE (phasing basis) | B16: =MAX(Phasing!F62:BY62) -> 4.130449
A17: Peak month hours (phasing basis) | B17: =MAX(Phasing!F61:BY61) -> 644.35005
A18: Phasing basis in use | B18: =Inputs!$B$7 -> P50
A19: Hours per FTE-month | B19: =Inputs!$B$6 -> 156
A21: Anchor-ratio check: SAR-anchored rows as a multiple of one SAR (P50, before factors)
A22: Sum of SAR ratios × qty (tasked rows) | B22: =SUMPRODUCT((BOE!$F$6:$F$60="SAR")*(BOE!$E$6:$E$60="Y")*(BOE!$G$6:$G$60)*(BOE!$H$6:$H$60)) -> 10.9 | C22: e.g. 9.5 means the SAR-anchored documents total ~9.5 SARs of effort. Useful sanity check against your historical program totals.
A24: Staffing plan (from Staffing sheet)
A25: Peak headcount in plan (FTE) | B25: =Staffing!B35 -> 4.5
A26: Average headcount (FTE) | B26: =Staffing!B36 -> 2.3888889
A27: Total staff-months | B27: =Staffing!B37 -> 86
A28: Overall utilization | B28: =Staffing!B40 -> 0.89096595

Sheet Inputs
A1: Program Inputs & Assumptions
A2: Blue cells on yellow are inputs. Everything else in the workbook derives from this sheet and Milestones.
A4: Program start date | B4: 46391 | F4: Month 1 of the timeline. Milestones are offsets from this date.
A5: Program end date | B5: 47483 | F5: Timeline and phasing stop here (max 72 months).
A6: Hours per FTE-month | B6: 156 | F6: Used to convert monthly hours to FTE loading. 1,872 hrs/yr ÷ 12.
A7: Phasing basis (P50 / P90) | B7: P50 | F7: Which estimate the Phasing and Timeline sheets spread by month.
A8: SAR anchor (Task 301 Safety Assessment Report)
A9: SAR P50 hours | B9: 800 | F9: User estimate: hours to produce the SAR at a 50% confidence level. All SAR-anchored rows scale from this.
A10: SAR P90 hours | B10: 1200 | F10: User estimate: hours at 90% confidence. The P90/P50 ratio drives every other row's P90 unless overridden.
A11: P90 / P50 ratio | B11: =IF(B9>0,B10/B9,1) -> 1.5 | F11: Derived. Applied to all rows without a per-row override.
A12: Complexity
A13: Program complexity level | B13: Moderate | D13: Level | E13: Factor | F13: Pick from the table at right.
A14: Complexity factor (lookup) | B14: =IFERROR(INDEX($E$14:$E$17,MATCH($B$13,$D$14:$D$17,0)),1) -> 1 | D14: Low | E14: 0.8
A15: Complexity factor override (optional) | D15: Moderate | E15: 1 | F15: Leave blank to use the lookup. Enter e.g. 1.25 to override.
A16: Effective complexity factor | B16: =IF(B15<>"",B15,B14) -> 1 | D16: High | E16: 1.3 | F16: Multiplies every BOE row flagged 'Apply Cx = Y'.
D17: Very High | E17: 1.6
D18: Complexity guide: Low = mature design, few interfaces, no safety-significant software. Moderate = typical. High = new design, many subsystems/interfaces, safety-significant software. Very High = autonomous/novel energy storage, SoS interfaces, multiple risk-acceptance authorities.
A20: Software criticality (Section 4.4)
A21: Software Criticality Index (SwCI 1–5) | B21: 2 | D21: SwCI | E21: Multiplier | F21: From Table V: severity × software control category. BMS firmware that alone opens contactors on a Catastrophic hazard = SwCI 1; with an independent HW protection layer = SwCI 2–3.
A22: SwCI multiplier (lookup) | B22: =IFERROR(INDEX($E$22:$E$26,MATCH($B$21,$D$22:$D$26,0)),1) -> 1.3 | D22: 1 | E22: 1.5 | F22: Multiplies rows flagged 'Apply SwCI = Y' (software-touching analyses, verification, LOR).
D23: 2 | E23: 1.3
D24: 3 | E24: 1.15
D25: 4 | E25: 1
D26: 5 | E26: 0.8
D27: Multiplier rationale: SwCI 1 adds code-level analysis and in-depth safety testing (Table V); SwCI 5 means no safety-specific software analysis.
A29: Quantity drivers
A30: Number of subsystems analyzed (Task 204) | B30: 6 | F30: e.g., pack/modules, BMS, contactor/precharge, HV distribution, thermal mgmt, charger interface.
A31: Number of test events (Task 303) | B31: 8 | F31: Each needs hazard review, Safety Release support, post-test analysis.
A32: Expected ECPs / change notices reviewed (Task 304) | B32: 20 | F32: Over the program life.
A33: Government reviews / audits / boards supported (Task 104) | B33: 6 | F33: SRR, PDR, CDR, TRR, safety boards, audits.
A34: Design reviews with safety packages (SRR/PDR/CDR/TRR) | B34: 4 | F34: Safety data package preparation per review.
A36: Labor categories (used on BOE column V and the Staffing sheet)
A37: Role | B37: Typical content
A38: Safety Lead | B38: SSPP, SAR, reviews, boards, SSWG, reporting
A39: System Safety Engineer | B39: PHA, SRHA, SSHA, SHA, O&SHA, HHA, EHA, verification, ECP reviews
A40: Software Safety Engineer | B40: FHA, software causal analysis, LOR tasks, SwCI evidence
A41: Safety Analyst | B41: HTS setup and upkeep, data packages, document production
A43: Staffing-plan parameters (Staffing sheet)
A44: Smoothing window (months: 1, 3 or 5) | B44: 3 | F44: Centered moving average applied to raw FTE demand before rounding to headcount.
A45: Headcount granularity (FTE) | B45: 0.5 | F45: Round smoothed demand up to this step (0.5 = half-time people allowed; 1 = whole people only).
A46: Minimum core staff (FTE) | B46: 1 | F46: Floor applied in every active month (e.g., a safety lead is always on contract).

Sheet Milestones
A1: Program Milestones
A2: Enter each milestone as months after program start (column C), or type a hard date in column D to override. Column E is what the BOE uses. Keep names unique — the BOE picks them from a dropdown.
A4: # | B4: Milestone | C4: Months after start | D4: Date override (optional) | E4: Milestone date (used) | F4: Description
A5: 1 | B5: Program Start | C5: 0 | E5: =IF(B5="","",IF(D5<>"",D5,IF(C5<>"",EDATE(Inputs!$B$4,C5),""))) -> 46391 | F5: Contract award / program kickoff.
A6: 2 | B6: SRR | C6: 3 | E6: =IF(B6="","",IF(D6<>"",D6,IF(C6<>"",EDATE(Inputs!$B$4,C6),""))) -> 46481 | F6: System Requirements Review.
A7: 3 | B7: SFR | C7: 6 | E7: =IF(B7="","",IF(D7<>"",D7,IF(C7<>"",EDATE(Inputs!$B$4,C7),""))) -> 46572 | F7: System Functional Review.
A8: 4 | B8: PDR | C8: 10 | E8: =IF(B8="","",IF(D8<>"",D8,IF(C8<>"",EDATE(Inputs!$B$4,C8),""))) -> 46695 | F8: Preliminary Design Review.
A9: 5 | B9: CDR | C9: 16 | E9: =IF(B9="","",IF(D9<>"",D9,IF(C9<>"",EDATE(Inputs!$B$4,C9),""))) -> 46877 | F9: Critical Design Review.
A10: 6 | B10: TRR | C10: 24 | E10: =IF(B10="","",IF(D10<>"",D10,IF(C10<>"",EDATE(Inputs!$B$4,C10),""))) -> 47122 | F10: Test Readiness Review.
A11: 7 | B11: Test Start | C11: 25 | E11: =IF(B11="","",IF(D11<>"",D11,IF(C11<>"",EDATE(Inputs!$B$4,C11),""))) -> 47153 | F11: First safety-relevant test event (bench / HIL / pack abuse).
A12: 8 | B12: Test Complete | C12: 31 | E12: =IF(B12="","",IF(D12<>"",D12,IF(C12<>"",EDATE(Inputs!$B$4,C12),""))) -> 47334 | F12: Last test event complete.
A13: 9 | B13: SAR Submittal | C13: 33 | E13: =IF(B13="","",IF(D13<>"",D13,IF(C13<>"",EDATE(Inputs!$B$4,C13),""))) -> 47395 | F13: Safety Assessment Report delivered for risk acceptance.
A14: 10 | B14: Program End | D14: =Inputs!$B$5 -> 47483 | E14: =IF(B14="","",IF(D14<>"",D14,IF(C14<>"",EDATE(Inputs!$B$4,C14),""))) -> 47483 | F14: Contract end — taken from Inputs.
A15: 11 | E15: =IF(B15="","",IF(D15<>"",D15,IF(C15<>"",EDATE(Inputs!$B$4,C15),"")))
A16: 12 | E16: =IF(B16="","",IF(D16<>"",D16,IF(C16<>"",EDATE(Inputs!$B$4,C16),"")))
A17: 13 | E17: =IF(B17="","",IF(D17<>"",D17,IF(C17<>"",EDATE(Inputs!$B$4,C17),"")))
A18: 14 | E18: =IF(B18="","",IF(D18<>"",D18,IF(C18<>"",EDATE(Inputs!$B$4,C18),"")))
A19: 15 | E19: =IF(B19="","",IF(D19<>"",D19,IF(C19<>"",EDATE(Inputs!$B$4,C19),"")))
A20: 16 | E20: =IF(B20="","",IF(D20<>"",D20,IF(C20<>"",EDATE(Inputs!$B$4,C20),"")))
A21: 17 | E21: =IF(B21="","",IF(D21<>"",D21,IF(C21<>"",EDATE(Inputs!$B$4,C21),"")))
A22: 18 | E22: =IF(B22="","",IF(D22<>"",D22,IF(C22<>"",EDATE(Inputs!$B$4,C22),"")))
A23: 19 | E23: =IF(B23="","",IF(D23<>"",D23,IF(C23<>"",EDATE(Inputs!$B$4,C23),"")))
A24: 20 | E24: =IF(B24="","",IF(D24<>"",D24,IF(C24<>"",EDATE(Inputs!$B$4,C24),"")))
A25: 21 | E25: =IF(B25="","",IF(D25<>"",D25,IF(C25<>"",EDATE(Inputs!$B$4,C25),"")))
A26: 22 | E26: =IF(B26="","",IF(D26<>"",D26,IF(C26<>"",EDATE(Inputs!$B$4,C26),"")))
... A34: 30 | E34: =IF(B34="","",IF(D34<>"",D34,IF(C34<>"",EDATE(Inputs!$B$4,C34),"")))

Sheet BOE
A1: Basis of Estimate — MIL-STD-882E w/Change 1 Tasks
A2: Anchor: SAR = ratio × SAR P50 × Qty | LOE = hrs/month × months in window × Qty | FIXED = hours × Qty. Then × complexity (if Apply Cx=Y) × SwCI multiplier (if Apply SwCI=Y). P90 = P50 × P90/P50 ratio (or row override).
A3: SAR P50 anchor: | B3: =Inputs!$B$9 -> 800 | C3: Cx factor: | D3: =Inputs!$B$16 -> 1 | E3: SwCI mult: | F3: =Inputs!$B$22 -> 1.3 | G3: P90/P50: | H3: =Inputs!$B$11 -> 1.5
A5: Task | B5: Section | C5: Title / Work Element | D5: Deliverable | E5: Tasked (Y/N) | F5: Anchor type | G5: Driver value (ratio of SAR | hrs/month | hours) | H5: Qty | I5: Apply Cx (Y/N) | J5: Apply SwCI (Y/N) | K5: Start milestone | L5: Start offset (wks) | M5: End milestone | N5: End offset (wks) | O5: Start date | P5: End date | Q5: Months | R5: P50 hours | S5: P90 ratio override | T5: P90 hours | U5: Basis / assumption | V5: Labor category
A6: 101 | B6: 100 Management | C6: Hazard identification & mitigation effort using the system safety methodology (program execution) | D6: Program execution | E6: Y | F6: LOE | G6: 20 | H6: 1 | I6: Y | J6: N | K6: Program Start | L6: 0 | M6: Program End | N6: 0 | O6: =IFERROR(INDEX(Milestones!$E$5:$E$34,MATCH($K6,Milestones!$B$5:$B$34,0))+N($L6)*7,"") -> 46391 | P6: =IFERROR(INDEX(Milestones!$E$5:$E$34,MATCH($M6,Milestones!$B$5:$B$34,0))+N($N6)*7,"") -> 47483 | Q6: =IF(OR($O6="",$P6=""),"",MAX(0,($P6-$O6)/(365.25/12))) -> 35.876797 | R6: =IF(OR($A6="",$E6<>"Y"),0,IF($F6="SAR",$G6*Inputs!$B$9,IF($F6="LOE",$G6*N($Q6),$G6))*N($H6)*IF($I6="Y",Inputs!$B$16,1)*IF($J6="Y",Inputs!$B$22,1)) -> 717.53593 | T6: =$R6*IF($S6<>"",$S6,Inputs!$B$11) -> 1076.3039 | U6: Ongoing management of the safety effort: planning, roles, subcontractor flow-down, status reporting, IMS inputs (101.2.1–101.2.9). Sized as a monthly run-rate. | V6: Safety Lead
A7: 102 | B7: 100 Management | C7: System Safety Program Plan (SSPP) | D7: SSPP | E7: Y | F7: SAR | G7: 0.4 | H7: 1 | I7: Y | J7: N | K7: Program Start | L7: 0 | M7: SRR | N7: 0 | O7: =IFERROR(INDEX(Milestones!$E$5:$E$34,MATCH($K7,Milestones!$B$5:$B$34,0))+N($L7)*7,"") -> 46391 | P7: =IFERROR(INDEX(Milestones!$E$5:$E$34,MATCH($M7,Milestones!$B$5:$B$34,0))+N($N7)*7,"") -> 46481 | Q7: =IF(OR($O7="",$P7=""),"",MAX(0,($P7-$O7)/(365.25/12))) -> 2.9568789 | R7: =IF(OR($A7="",$E7<>"Y"),0,IF($F7="SAR",$G7*Inputs!$B$9,IF($F7="LOE",$G7*N($Q7),$G7))*N($H7)*IF($I7="Y",Inputs!$B$16,1)*IF($J7="Y",Inputs!$B$22,1)) -> 320 | T7: =$R7*IF($S7<>"",$S7,Inputs!$B$11) -> 480 | U7: Plan covering scope, interfaces, organization, milestones, requirements, analyses, V&V, audits, training, incident reporting (102.2.1–102.2.11). ~40% of a SAR. | V7: Safety Lead
A8: 103 | B8: 100 Management | C8: Hazard Management Plan (HMP) — other functional disciplines | D8: HMP | E8: N | F8: SAR | G8: 0.3 | H8: 1 | I8: Y | J8: N | K8: Program Start | L8: 0 | M8: SRR | N8: 0 | O8: =IFERROR(INDEX(Milestones!$E$5:$E$34,MATCH($K8,Milestones!$B$5:$B$34,0))+N($L8)*7,"") -> 46391 | P8: =IFERROR(INDEX(Milestones!$E$5:$E$34,MATCH($M8,Milestones!$B$5:$B$34,0))+N($N8)*7,"") -> 46481 | Q8: =IF(OR($O8="",$P8=""),"",MAX(0,($P8-$O8)/(365.25/12))) -> 2.9568789 | R8: =IF(OR($A8="",$E8<>"Y"),0,IF($F8="SAR",$G8*Inputs!$B$9,IF($F8="LOE",$G8*N($Q8),$G8))*N($H8)*IF($I8="Y",Inputs!$B$16,1)*IF($J8="Y",Inputs!$B$22,1)) -> 0 | T8: =$R8*IF($S8<>"",$S8,Inputs!$B$11) -> 0 | U8: Equivalent of the SSPP for a non-system-safety discipline (103). Default Not Tasked; turn on if a separate discipline plan is contracted. | V8: Safety Lead
A9: 104 | B9: 100 Management | C9: Support of Government reviews / audits / boards | D9: Review support | E9: Y | F9: SAR | G9: 0.05 | H9: =Inputs!$B$33 -> 6 | I9: Y | J9: N | K9: SRR | L9: -4 | M9: Program End | N9: 0 | O9: =IFERROR(INDEX(Milestones!$E$5:$E$34,MATCH($K9,Milestones!$B$5:$B$34,0))+N($L9)*7,"") -> 46453 | P9: =IFERROR(INDEX(Milestones!$E$5:$E$34,MATCH($M9,Milestones!$B$5:$B$34,0))+N($N9)*7,"") -> 47483 | Q9: =IF(OR($O9="",$P9=""),"",MAX(0,($P9-$O9)/(365.25/12))) -> 33.839836 | R9: =IF(OR($A9="",$E9<>"Y"),0,IF($F9="SAR",$G9*Inputs!$B$9,IF($F9="LOE",$G9*N($Q9),$G9))*N($H9)*IF($I9="Y",Inputs!$B$16,1)*IF($J9="Y",Inputs!$B$22,1)) -> 240 | T9: =$R9*IF($S9<>"",$S9,Inputs!$B$11) -> 360 | U9: Per review/audit/board (104.2.1): prep, attendance, action closure. ~5% of a SAR each × number of reviews (Inputs). | V9: Safety Lead
A10: 105 | B10: 100 Management | C10: Integrated Product Team / Working Group support | D10: IPT / SSWG participation | E10: Y | F10: LOE | G10: 12 | H10: 1 | I10: Y | J10: N | K10: Program Start | L10: 0 | M10: Program End | N10: 0 | O10: =IFERROR(INDEX(Milestones!$E$5:$E$34,MATCH($K10,Milestones!$B$5:$B$34,0))+N($L10)*7,"") -> 46391 | P10: =IFERROR(INDEX(Milestones!$E$5:$E$34,MATCH($M10,Milestones!$B$5:$B$34,0))+N($N10)*7,"") -> 47483 | Q10: =IF(OR($O10="",$P10=""),"",MAX(0,($P10-$O10)/(365.25/12))) -> 35.876797 | R10: =IF(OR($A10="",$E10<>"Y"),0,IF($F10="SAR",$G10*Inputs!$B$9,IF($F10="LOE",$G10*N($Q10),$G10))*N($H10)*IF($I10="Y",Inputs!$B$16,1)*IF($J10="Y",Inputs!$B$22,1)) -> 430.52156 | T10: =$R10*IF($S10<>"",$S10,Inputs!$B$11) -> 645.78234 | U10: Standing membership in designated IPTs and the System Safety Working Group (105.2). Monthly run-rate; raise if several IPTs are supported. | V10: Safety Lead
A11: 106a | B11: 100 Management | C11: Hazard Tracking System — establish | D11: HTS (initial) | E11: Y | F11: SAR | G11: 0.15 | H11: 1 | I11: Y | J11: N | K11: Program Start | L11: 0 | M11: SRR | N11: 0 | O11: =IFERROR(INDEX(Milestones!$E$5:$E$34,MATCH($K11,Milestones!$B$5:$B$34,0))+N($L11)*7,"") -> 46391 | P11: =IFERROR(INDEX(Milestones!$E$5:$E$34,MATCH($M11,Milestones!$B$5:$B$34,0))+N($N11)*7,"") -> 46481 | Q11: =IF(OR($O11="",$P11=""),"",MAX(0,($P11-$O11)/(365.25/12))) -> 2.9568789 | R11: =IF(OR($A11="",$E11<>"Y"),0,IF($F11="SAR",$G11*Inputs!$B$9,IF($F11="LOE",$G11*N($Q11),$G11))*N($H11)*IF($I11="Y",Inputs!$B$16,1)*IF($J11="Y",Inputs!$B$22,1)) -> 120 | T11: =$R11*IF($S11<>"",$S11,Inputs!$B$11) -> 180 | U11: Stand up the closed-loop HTS with the required data elements (106.2) and Government access controls (106.2.1). | V11: Safety Analyst
A12: 106b | B12: 100 Management | C12: Hazard Tracking System — maintain | D12: HTS (upkeep) | E12: Y | F12: LOE | G12: 8 | H12: 1 | I12: Y | J12: N | K12: SRR | L12: 0 | M12: Program End | N12: 0 | O12: =IFERROR(INDEX(Milestones!$E$5:$E$34,MATCH($K12,Milestones!$B$5:$B$34,0))+N($L12)*7,"") -> 46481 | P12: =IFERROR(INDEX(Milestones!$E$5:$E$34,MATCH($M12,Milestones!$B$5:$B$34,0))+N($N12)*7,"") -> 47483 | Q12: =IF(OR($O12="",$P12=""),"",MAX(0,($P12-$O12)/(365.25/12))) -> 32.919918 | R12: =IF(OR($A12="",$E12<>"Y"),0,IF($F12="SAR",$G12*Inputs!$B$9,IF($F12="LOE",$G12*N($Q12),$G12))*N($H12)*IF($I12="Y",Inputs!$B$16,1)*IF($J12="Y",Inputs!$B$22,1)) -> 263.35934 | T12: =$R12*IF($S12<>"",$S12,Inputs!$B$11) -> 395.03901 | U12: Keep hazard records, risk assessments, mitigation status and acceptance current through the life-cycle (106.2, 4.3.8). | V12: Safety Analyst
A13: 107 | B13: 100 Management | C13: Hazard Management Progress Report | D13: Periodic progress reports | E13: Y | F13: LOE | G13: 4 | H13: 1 | I13: Y | J13: N | K13: Program Start | L13: 0 | M13: Program End | N13: 0 | O13: =IFERROR(INDEX(Milestones!$E$5:$E$34,MATCH($K13,Milestones!$B$5:$B$34,0))+N($L13)*7,"") -> 46391 | P13: =IFERROR(INDEX(Milestones!$E$5:$E$34,MATCH($M13,Milestones!$B$5:$B$34,0))+N($N13)*7,"") -> 47483 | Q13: =IF(OR($O13="",$P13=""),"",MAX(0,($P13-$O13)/(365.25/12))) -> 35.876797 | R13: =IF(OR($A13="",$E13<>"Y"),0,IF($F13="SAR",$G13*Inputs!$B$9,IF($F13="LOE",$G13*N($Q13),$G13))*N($H13)*IF($I13="Y",Inputs!$B$16,1)*IF($J13="Y",Inputs!$B$22,1)) -> 143.50719 | T13: =$R13*IF($S13<>"",$S13,Inputs!$B$11) -> 215.26078 | U13: Periodic report summarizing hazard status, risk assessments, mitigations and open actions (107.2). Assumes monthly. | V13: Safety Lead
A14: 108 | B14: 100 Management | C14: Hazardous Materials Management Plan (HMMP) | D14: HMMP + HAZMAT list | E14: Y | F14: SAR | G14: 0.25 | H14: 1 | I14: Y | J14: N | K14: Program Start | L14: 0 | M14: PDR | N14: 0 | O14: =IFERROR(INDEX(Milestones!$E$5:$E$34,MATCH($K14,Milestones!$B$5:$B$34,0))+N($L14)*7,"") -> 46391 | P14: =IFERROR(INDEX(Milestones!$E$5:$E$34,MATCH($M14,Milestones!$B$5:$B$34,0))+N($N14)*7,"") -> 46695 | Q14: =IF(OR($O14="",$P14=""),"",MAX(0,($P14-$O14)/(365.25/12))) -> 9.9876797 | R14: =IF(OR($A14="",$E14<>"Y"),0,IF($F14="SAR",$G14*Inputs!$B$9,IF($F14="LOE",$G14*N($Q14),$G14))*N($H14)*IF($I14="Y",Inputs!$B$16,1)*IF($J14="Y",Inputs!$B$22,1)) -> 200 | T14: =$R14*IF($S14<>"",$S14,Inputs!$B$11) -> 300 | U14: HAZMAT identification, categorization, tracking (108.2.1–108.2.4). Relevant to Li-ion cells, electrolyte, coolant. | V14: System Safety Engineer
A15: 201 | B15: 200 Analysis | C15: Preliminary Hazard List (PHL) | D15: PHL | E15: Y | F15: SAR | G15: 0.2 | H15: 1 | I15: Y | J15: N | K15: Program Start | L15: 0 | M15: SRR | N15: 0 | O15: =IFERROR(INDEX(Milestones!$E$5:$E$34,MATCH($K15,Milestones!$B$5:$B$34,0))+N($L15)*7,"") -> 46391 | P15: =IFERROR(INDEX(Milestones!$E$5:$E$34,MATCH($M15,Milestones!$B$5:$B$34,0))+N($N15)*7,"") -> 46481 | Q15: =IF(OR($O15="",$P15=""),"",MAX(0,($P15-$O15)/(365.25/12))) -> 2.9568789 | R15: =IF(OR($A15="",$E15<>"Y"),0,IF($F15="SAR",$G15*Inputs!$B$9,IF($F15="LOE",$G15*N($Q15),$G15))*N($H15)*IF($I15="Y",Inputs!$B$16,1)*IF($J15="Y",Inputs!$B$22,1)) -> 160 | T15: =$R15*IF($S15<>"",$S15,Inputs!$B$11) -> 240 | U15: Early hazard list from legacy/similar-system data and lessons learned (201.2.1–201.2.3). | V15: System Safety Engineer
A16: 202 | B16: 200 Analysis | C16: Preliminary Hazard Analysis (PHA) | D16: PHA report | E16: Y | F16: SAR | G16: 0.6 | H16: 1 | I16: Y | J16: N | K16: SRR | L16: 0 | M16: SFR | N16: 4 | O16: =IFERROR(INDEX(Milestones!$E$5:$E$34,MATCH($K16,Milestones!$B$5:$B$34,0))+N($L16)*7,"") -> 46481 | P16: =IFERROR(INDEX(Milestones!$E$5:$E$34,MATCH($M16,Milestones!$B$5:$B$34,0))+N($N16)*7,"") -> 46600 | Q16: =IF(OR($O16="",$P16=""),"",MAX(0,($P16-$O16)/(365.25/12))) -> 3.9096509 | R16: =IF(OR($A16="",$E16<>"Y"),0,IF($F16="SAR",$G16*Inputs!$B$9,IF($F16="LOE",$G16*N($Q16),$G16))*N($H16)*IF($I16="Y",Inputs!$B$16,1)*IF($J16="Y",Inputs!$B$22,1)) -> 480 | T16: =$R16*IF($S16<>"",$S16,Inputs!$B$11) -> 720 | U16: Initial risk assessment per hazard across the 202.2.2 hazard sources (energy, software, HAZMAT, environment, human factors, etc.). | V16: System Safety Engineer
A17: 203 | B17: 200 Analysis | C17: System Requirements Hazard Analysis (SRHA) | D17: SRHA + requirements traceability | E17: Y | F17: SAR | G17: 0.5 | H17: 1 | I17: Y | J17: Y | K17: SRR | L17: 0 | M17: CDR | N17: 0 | O17: =IFERROR(INDEX(Milestones!$E$5:$E$34,MATCH($K17,Milestones!$B$5:$B$34,0))+N($L17)*7,"") -> 46481 | P17: =IFERROR(INDEX(Milestones!$E$5:$E$34,MATCH($M17,Milestones!$B$5:$B$34,0))+N($N17)*7,"") -> 46877 | Q17: =IF(OR($O17="",$P17=""),"",MAX(0,($P17-$O17)/(365.25/12))) -> 13.010267 | R17: =IF(OR($A17="",$E17<>"Y"),0,IF($F17="SAR",$G17*Inputs!$B$9,IF($F17="LOE",$G17*N($Q17),$G17))*N($H17)*IF($I17="Y",Inputs!$B$16,1)*IF($J17="Y",Inputs!$B$22,1)) -> 520 | T17: =$R17*IF($S17<>"",$S17,Inputs!$B$11) -> 780 | U17: Derive safety design requirements, incorporate into specs, assess compliance through design (203.2.1–203.2.3). Continues through CDR. | V17: System Safety Engineer
A18: 204 | B18: 200 Analysis | C18: Subsystem Hazard Analysis (SSHA) | D18: SSHA report(s) | E18: Y | F18: SAR | G18: 0.3 | H18: =Inputs!$B$30 -> 6 | I18: Y | J18: Y | K18: PDR | L18: 0 | M18: CDR | N18: 4 | O18: =IFERROR(INDEX(Milestones!$E$5:$E$34,MATCH($K18,Milestones!$B$5:$B$34,0))+N($L18)*7,"") -> 46695 | P18: =IFERROR(INDEX(Milestones!$E$5:$E$34,MATCH($M18,Milestones!$B$5:$B$34,0))+N($N18)*7,"") -> 46905 | Q18: =IF(OR($O18="",$P18=""),"",MAX(0,($P18-$O18)/(365.25/12))) -> 6.899384 | R18: =IF(OR($A18="",$E18<>"Y"),0,IF($F18="SAR",$G18*Inputs!$B$9,IF($F18="LOE",$G18*N($Q18),$G18))*N($H18)*IF($I18="Y",Inputs!$B$16,1)*IF($J18="Y",Inputs!$B$22,1)) -> 1872 | T18: =$R18*IF($S18<>"",$S18,Inputs!$B$11) -> 2808 | U18: Per subsystem (Inputs qty): component failure modes, software causal factors, human error (204.2.1). ~30% of a SAR per subsystem. | V18: System Safety Engineer
A19: 205 | B19: 200 Analysis | C19: System Hazard Analysis (SHA) | D19: SHA report | E19: Y | F19: SAR | G19: 0.8 | H19: 1 | I19: Y | J19: Y | K19: PDR | L19: 0 | M19: CDR | N19: 8 | O19: =IFERROR(INDEX(Milestones!$E$5:$E$34,MATCH($K19,Milestones!$B$5:$B$34,0))+N($L19)*7,"") -> 46695 | P19: =IFERROR(INDEX(Milestones!$E$5:$E$34,MATCH($M19,Milestones!$B$5:$B$34,0))+N($N19)*7,"") -> 46933 | Q19: =IF(OR($O19="",$P19=""),"",MAX(0,($P19-$O19)/(365.25/12))) -> 7.8193018 | R19: =IF(OR($A19="",$E19<>"Y"),0,IF($F19="SAR",$G19*Inputs!$B$9,IF($F19="LOE",$G19*N($Q19),$G19))*N($H19)*IF($I19="Y",Inputs!$B$16,1)*IF($J19="Y",Inputs!$B$22,1)) -> 832 | T19: =$R19*IF($S19<>"",$S19,Inputs!$B$11) -> 1248 | U19: Subsystem interface and interrelationship hazards, software and human interfaces (205.2.1); design-change evaluation (205.2.4). | V19: System Safety Engineer
A20: 206 | B20: 200 Analysis | C20: Operating & Support Hazard Analysis (O&SHA) | D20: O&SHA report | E20: Y | F20: SAR | G20: 0.6 | H20: 1 | I20: Y | J20: N | K20: CDR | L20: 0 | M20: TRR | N20: 0 | O20: =IFERROR(INDEX(Milestones!$E$5:$E$34,MATCH($K20,Milestones!$B$5:$B$34,0))+N($L20)*7,"") -> 46877 | P20: =IFERROR(INDEX(Milestones!$E$5:$E$34,MATCH($M20,Milestones!$B$5:$B$34,0))+N($N20)*7,"") -> 47122 | Q20: =IF(OR($O20="",$P20=""),"",MAX(0,($P20-$O20)/(365.25/12))) -> 8.0492813 | R20: =IF(OR($A20="",$E20<>"Y"),0,IF($F20="SAR",$G20*Inputs!$B$9,IF($F20="LOE",$G20*N($Q20),$G20))*N($H20)*IF($I20="Y",Inputs!$B$16,1)*IF($J20="Y",Inputs!$B$22,1)) -> 480 | T20: =$R20*IF($S20<>"",$S20,Inputs!$B$11) -> 720 | U20: Operations, maintenance, test, storage, transport, disposal hazards; procedures, warnings, PPE (206.2.1–206.2.5). | V20: System Safety Engineer
A21: 207 | B21: 200 Analysis | C21: Health Hazard Analysis (HHA) | D21: HHA report | E21: Y | F21: SAR | G21: 0.35 | H21: 1 | I21: Y | J21: N | K21: PDR | L21: 0 | M21: CDR | N21: 0 | O21: =IFERROR(INDEX(Milestones!$E$5:$E$34,MATCH($K21,Milestones!$B$5:$B$34,0))+N($L21)*7,"") -> 46695 | P21: =IFERROR(INDEX(Milestones!$E$5:$E$34,MATCH($M21,Milestones!$B$5:$B$34,0))+N($N21)*7,"") -> 46877 | Q21: =IF(OR($O21="",$P21=""),"",MAX(0,($P21-$O21)/(365.25/12))) -> 5.9794661 | R21: =IF(OR($A21="",$E21<>"Y"),0,IF($F21="SAR",$G21*Inputs!$B$9,IF($F21="LOE",$G21*N($Q21),$G21))*N($H21)*IF($I21="Y",Inputs!$B$16,1)*IF($J21="Y",Inputs!$B$22,1)) -> 280 | T21: =$R21*IF($S21<>"",$S21,Inputs!$B$11) -> 420 | U21: Chemical, electrical, thermal, noise and other health hazards per 207.2.2–207.2.3 categories (electrolyte, HF, HV). | V21: System Safety Engineer
A22: 208 | B22: 200 Analysis | C22: Functional Hazard Analysis (FHA) | D22: FHA + SCF/SCI list | E22: Y | F22: SAR | G22: 0.5 | H22: 1 | I22: Y | J22: Y | K22: SRR | L22: 0 | M22: PDR | N22: 0 | O22: =IFERROR(INDEX(Milestones!$E$5:$E$34,MATCH($K22,Milestones!$B$5:$B$34,0))+N($L22)*7,"") -> 46481 | P22: =IFERROR(INDEX(Milestones!$E$5:$E$34,MATCH($M22,Milestones!$B$5:$B$34,0))+N($N22)*7,"") -> 46695 | Q22: =IF(OR($O22="",$P22=""),"",MAX(0,($P22-$O22)/(365.25/12))) -> 7.0308008 | R22: =IF(OR($A22="",$E22<>"Y"),0,IF($F22="SAR",$G22*Inputs!$B$9,IF($F22="LOE",$G22*N($Q22),$G22))*N($H22)*IF($I22="Y",Inputs!$B$16,1)*IF($J22="Y",Inputs!$B$22,1)) -> 520 | T22: =$R22*IF($S22<>"",$S22,Inputs!$B$11) -> 780 | U22: Loss/degraded/out-of-sequence function hazards, identify SCFs/SCIs, map to HW/SW/human (208.2.1). Feeds the fault-injection list. | V22: Software Safety Engineer
A23: 209 | B23: 200 Analysis | C23: System-of-Systems Hazard Analysis | D23: SoS HA report | E23: N | F23: SAR | G23: 0.4 | H23: 1 | I23: Y | J23: N | K23: PDR | L23: 0 | M23: CDR | N23: 0 | O23: =IFERROR(INDEX(Milestones!$E$5:$E$34,MATCH($K23,Milestones!$B$5:$B$34,0))+N($L23)*7,"") -> 46695 | P23: =IFERROR(INDEX(Milestones!$E$5:$E$34,MATCH($M23,Milestones!$B$5:$B$34,0))+N($N23)*7,"") -> 46877 | Q23: =IF(OR($O23="",$P23=""),"",MAX(0,($P23-$O23)/(365.25/12))) -> 5.9794661 | R23: =IF(OR($A23="",$E23<>"Y"),0,IF($F23="SAR",$G23*Inputs!$B$9,IF($F23="LOE",$G23*N($Q23),$G23))*N($H23)*IF($I23="Y",Inputs!$B$16,1)*IF($J23="Y",Inputs!$B$22,1)) -> 0 | T23: =$R23*IF($S23<>"",$S23,Inputs!$B$11) -> 0 | U23: Unique SoS hazards and traceability (209.2.1–209.2.4). Default Not Tasked; enable if the vehicle integrates into a larger SoS. | V23: System Safety Engineer
A24: 210 | B24: 200 Analysis | C24: Environmental Hazard Analysis (EHA) | D24: EHA report | E24: Y | F24: SAR | G24: 0.35 | H24: 1 | I24: Y | J24: N | K24: PDR | L24: 0 | M24: CDR | N24: 0 | O24: =IFERROR(INDEX(Milestones!$E$5:$E$34,MATCH($K24,Milestones!$B$5:$B$34,0))+N($L24)*7,"") -> 46695 | P24: =IFERROR(INDEX(Milestones!$E$5:$E$34,MATCH($M24,Milestones!$B$5:$B$34,0))+N($N24)*7,"") -> 46877 | Q24: =IF(OR($O24="",$P24=""),"",MAX(0,($P24-$O24)/(365.25/12))) -> 5.9794661 | R24: =IF(OR($A24="",$E24<>"Y"),0,IF($F24="SAR",$G24*Inputs!$B$9,IF($F24="LOE",$G24*N($Q24),$G24))*N($H24)*IF($I24="Y",Inputs!$B$16,1)*IF($J24="Y",Inputs!$B$22,1)) -> 280 | T24: =$R24*IF($S24<>"",$S24,Inputs!$B$11) -> 420 | U24: Environmental impacts, HAZMAT and pollutant hazards across the life-cycle (210.2.2–210.2.5). | V24: System Safety Engineer
A25: 301 | B25: 300 Evaluation | C25: Safety Assessment Report (SAR) — ANCHOR | D25: SAR | E25: Y | F25: SAR | G25: 1 | H25: 1 | I25: Y | J25: N | K25: TRR | L25: 0 | M25: SAR Submittal | N25: 0 | O25: =IFERROR(INDEX(Milestones!$E$5:$E$34,MATCH($K25,Milestones!$B$5:$B$34,0))+N($L25)*7,"") -> 47122 | P25: =IFERROR(INDEX(Milestones!$E$5:$E$34,MATCH($M25,Milestones!$B$5:$B$34,0))+N($N25)*7,"") -> 47395 | Q25: =IF(OR($O25="",$P25=""),"",MAX(0,($P25-$O25)/(365.25/12))) -> 8.9691992 | R25: =IF(OR($A25="",$E25<>"Y"),0,IF($F25="SAR",$G25*Inputs!$B$9,IF($F25="LOE",$G25*N($Q25),$G25))*N($H25)*IF($I25="Y",Inputs!$B$16,1)*IF($J25="Y",Inputs!$B$22,1)) -> 800 | T25: =$R25*IF($S25<>"",$S25,Inputs!$B$11) -> 1200 | U25: The anchor estimate. Ratio 1.00 by definition; hours come straight from Inputs SAR P50/P90. Summarizes hazards, residual risk, and recommendations for risk acceptance (301.2). | V25: Safety Lead
A26: 302 | B26: 300 Evaluation | C26: Hazard Management Assessment Report (HMAR) | D26: HMAR | E26: N | F26: SAR | G26: 0.8 | H26: 1 | I26: Y | J26: N | K26: TRR | L26: 0 | M26: SAR Submittal | N26: 0 | O26: =IFERROR(INDEX(Milestones!$E$5:$E$34,MATCH($K26,Milestones!$B$5:$B$34,0))+N($L26)*7,"") -> 47122 | P26: =IFERROR(INDEX(Milestones!$E$5:$E$34,MATCH($M26,Milestones!$B$5:$B$34,0))+N($N26)*7,"") -> 47395 | Q26: =IF(OR($O26="",$P26=""),"",MAX(0,($P26-$O26)/(365.25/12))) -> 8.9691992 | R26: =IF(OR($A26="",$E26<>"Y"),0,IF($F26="SAR",$G26*Inputs!$B$9,IF($F26="LOE",$G26*N($Q26),$G26))*N($H26)*IF($I26="Y",Inputs!$B$16,1)*IF($J26="Y",Inputs!$B$22,1)) -> 0 | T26: =$R26*IF($S26<>"",$S26,Inputs!$B$11) -> 0 | U26: Equivalent of the SAR for another functional discipline (302). Default Not Tasked. | V26: Safety Lead
A27: 303 | B27: 300 Evaluation | C27: Test & Evaluation participation | D27: Safety Releases, post-test analyses, T&E repository | E27: Y | F27: SAR | G27: 0.1 | H27: =Inputs!$B$31 -> 8 | I27: Y | J27: N | K27: Test Start | L27: -8 | M27: Test Complete | N27: 4 | O27: =IFERROR(INDEX(Milestones!$E$5:$E$34,MATCH($K27,Milestones!$B$5:$B$34,0))+N($L27)*7,"") -> 47097 | P27: =IFERROR(INDEX(Milestones!$E$5:$E$34,MATCH($M27,Milestones!$B$5:$B$34,0))+N($N27)*7,"") -> 47362 | Q27: =IF(OR($O27="",$P27=""),"",MAX(0,($P27-$O27)/(365.25/12))) -> 8.7063655 | R27: =IF(OR($A27="",$E27<>"Y"),0,IF($F27="SAR",$G27*Inputs!$B$9,IF($F27="LOE",$G27*N($Q27),$G27))*N($H27)*IF($I27="Y",Inputs!$B$16,1)*IF($J27="Y",Inputs!$B$22,1)) -> 640 | T27: =$R27*IF($S27<>"",$S27,Inputs!$B$11) -> 960 | U27: Per test event (Inputs qty): hazard review of test setup/procedures, Safety Release, post-test analysis and HTS update (303.2.1–303.2.3). Your fault-injection campaign lives here. | V27: System Safety Engineer
A28: 304 | B28: 300 Evaluation | C28: Review of ECPs, change notices, deficiency reports, waivers | D28: Change reviews | E28: Y | F28: SAR | G28: 0.03 | H28: =Inputs!$B$32 -> 20 | I28: Y | J28: N | K28: CDR | L28: 0 | M28: Program End | N28: 0 | O28: =IFERROR(INDEX(Milestones!$E$5:$E$34,MATCH($K28,Milestones!$B$5:$B$34,0))+N($L28)*7,"") -> 46877 | P28: =IFERROR(INDEX(Milestones!$E$5:$E$34,MATCH($M28,Milestones!$B$5:$B$34,0))+N($N28)*7,"") -> 47483 | Q28: =IF(OR($O28="",$P28=""),"",MAX(0,($P28-$O28)/(365.25/12))) -> 19.909651 | R28: =IF(OR($A28="",$E28<>"Y"),0,IF($F28="SAR",$G28*Inputs!$B$9,IF($F28="LOE",$G28*N($Q28),$G28))*N($H28)*IF($I28="Y",Inputs!$B$16,1)*IF($J28="Y",Inputs!$B$22,1)) -> 480 | T28: =$R28*IF($S28<>"",$S28,Inputs!$B$11) -> 720 | U28: Per change (Inputs qty): hazard impact assessment and HTS update (304.2). ~3% of a SAR each. | V28: System Safety Engineer
A29: 401 | B29: 400 Verification | C29: Safety Verification (tests, demonstrations, induced/simulated failures) | D29: Safety verification report | E29: Y | F29: SAR | G29: 0.7 | H29: 1 | I29: Y | J29: Y | K29: CDR | L29: 0 | M29: Test Complete | N29: 0 | O29: =IFERROR(INDEX(Milestones!$E$5:$E$34,MATCH($K29,Milestones!$B$5:$B$34,0))+N($L29)*7,"") -> 46877 | P29: =IFERROR(INDEX(Milestones!$E$5:$E$34,MATCH($M29,Milestones!$B$5:$B$34,0))+N($N29)*7,"") -> 47334 | Q29: =IF(OR($O29="",$P29=""),"",MAX(0,($P29-$O29)/(365.25/12))) -> 15.014374 | R29: =IF(OR($A29="",$E29<>"Y"),0,IF($F29="SAR",$G29*Inputs!$B$9,IF($F29="LOE",$G29*N($Q29),$G29))*N($H29)*IF($I29="Y",Inputs!$B$16,1)*IF($J29="Y",Inputs!$B$22,1)) -> 728 | T29: =$R29*IF($S29<>"",$S29,Inputs!$B$11) -> 1092 | U29: Define and perform tests/demos/analyses on safety-significant HW, SW and procedures; induced or simulated failures (401.2). Fault-injection test planning, execution support and reporting. | V29: System Safety Engineer
A30: 402 | B30: 400 Verification | C30: Explosives Hazard Classification Data | D30: Hazard classification package | E30: N | F30: SAR | G30: 0.5 | H30: 1 | I30: Y | J30: N | K30: CDR | L30: 0 | M30: TRR | N30: 0 | O30: =IFERROR(INDEX(Milestones!$E$5:$E$34,MATCH($K30,Milestones!$B$5:$B$34,0))+N($L30)*7,"") -> 46877 | P30: =IFERROR(INDEX(Milestones!$E$5:$E$34,MATCH($M30,Milestones!$B$5:$B$34,0))+N($N30)*7,"") -> 47122 | Q30: =IF(OR($O30="",$P30=""),"",MAX(0,($P30-$O30)/(365.25/12))) -> 8.0492813 | R30: =IF(OR($A30="",$E30<>"Y"),0,IF($F30="SAR",$G30*Inputs!$B$9,IF($F30="LOE",$G30*N($Q30),$G30))*N($H30)*IF($I30="Y",Inputs!$B$16,1)*IF($J30="Y",Inputs!$B$22,1)) -> 0 | T30: =$R30*IF($S30<>"",$S30,Inputs!$B$11) -> 0 | U30: Not applicable to a battery program unless energetics are present. Default Not Tasked. | V30: System Safety Engineer
A31: 403 | B31: 400 Verification | C31: Explosive Ordnance Disposal Data | D31: EOD source data | E31: N | F31: SAR | G31: 0.3 | H31: 1 | I31: Y | J31: N | K31: CDR | L31: 0 | M31: TRR | N31: 0 | O31: =IFERROR(INDEX(Milestones!$E$5:$E$34,MATCH($K31,Milestones!$B$5:$B$34,0))+N($L31)*7,"") -> 46877 | P31: =IFERROR(INDEX(Milestones!$E$5:$E$34,MATCH($M31,Milestones!$B$5:$B$34,0))+N($N31)*7,"") -> 47122 | Q31: =IF(OR($O31="",$P31=""),"",MAX(0,($P31-$O31)/(365.25/12))) -> 8.0492813 | R31: =IF(OR($A31="",$E31<>"Y"),0,IF($F31="SAR",$G31*Inputs!$B$9,IF($F31="LOE",$G31*N($Q31),$G31))*N($H31)*IF($I31="Y",Inputs!$B$16,1)*IF($J31="Y",Inputs!$B$22,1)) -> 0 | T31: =$R31*IF($S31<>"",$S31,Inputs!$B$11) -> 0 | U31: Not applicable unless explosives are present. Default Not Tasked. | V31: System Safety Engineer
A32: SW-LOR | B32: 400 Verification | C32: Software Level-of-Rigor tasks (Section 4.4, Table V) | D32: LOR analysis & test evidence | E32: Y | F32: SAR | G32: 0.6 | H32: 1 | I32: Y | J32: Y | K32: PDR | L32: 0 | M32: TRR | N32: 0 | O32: =IFERROR(INDEX(Milestones!$E$5:$E$34,MATCH($K32,Milestones!$B$5:$B$34,0))+N($L32)*7,"") -> 46695 | P32: =IFERROR(INDEX(Milestones!$E$5:$E$34,MATCH($M32,Milestones!$B$5:$B$34,0))+N($N32)*7,"") -> 47122 | Q32: =IF(OR($O32="",$P32=""),"",MAX(0,($P32-$O32)/(365.25/12))) -> 14.028747 | R32: =IF(OR($A32="",$E32<>"Y"),0,IF($F32="SAR",$G32*Inputs!$B$9,IF($F32="LOE",$G32*N($Q32),$G32))*N($H32)*IF($I32="Y",Inputs!$B$16,1)*IF($J32="Y",Inputs!$B$22,1)) -> 624 | T32: =$R32*IF($S32<>"",$S32,Inputs!$B$11) -> 936 | U32: Not a numbered task but required by 4.4.1–4.4.3: requirements/architecture/design/code analysis and safety-specific testing per SwCI. Strongly scaled by the SwCI multiplier. | V32: Software Safety Engineer
A33: LOE-1 | B33: LOE / Other | C33: System Safety Working Group meetings | D33: Meeting prep, attendance, minutes, actions | E33: Y | F33: LOE | G33: 8 | H33: 1 | I33: Y | J33: N | K33: Program Start | L33: 0 | M33: Program End | N33: 0 | O33: =IFERROR(INDEX(Milestones!$E$5:$E$34,MATCH($K33,Milestones!$B$5:$B$34,0))+N($L33)*7,"") -> 46391 | P33: =IFERROR(INDEX(Milestones!$E$5:$E$34,MATCH($M33,Milestones!$B$5:$B$34,0))+N($N33)*7,"") -> 47483 | Q33: =IF(OR($O33="",$P33=""),"",MAX(0,($P33-$O33)/(365.25/12))) -> 35.876797 | R33: =IF(OR($A33="",$E33<>"Y"),0,IF($F33="SAR",$G33*Inputs!$B$9,IF($F33="LOE",$G33*N($Q33),$G33))*N($H33)*IF($I33="Y",Inputs!$B$16,1)*IF($J33="Y",Inputs!$B$22,1)) -> 287.01437 | T33: =$R33*IF($S33<>"",$S33,Inputs!$B$11) -> 430.52156 | U33: Assumes a monthly SSWG: 2 hrs meeting + prep/minutes/actions for the safety lead. Increase Qty for additional attendees. | V33: Safety Lead
A34: LOE-2 | B34: LOE / Other | C34: Design review safety data packages (SRR/PDR/CDR/TRR) | D34: Safety briefing packages | E34: Y | F34: SAR | G34: 0.1 | H34: =Inputs!$B$34 -> 4 | I34: Y | J34: N | K34: SRR | L34: -6 | M34: TRR | N34: 0 | O34: =IFERROR(INDEX(Milestones!$E$5:$E$34,MATCH($K34,Milestones!$B$5:$B$34,0))+N($L34)*7,"") -> 46439 | P34: =IFERROR(INDEX(Milestones!$E$5:$E$34,MATCH($M34,Milestones!$B$5:$B$34,0))+N($N34)*7,"") -> 47122 | Q34: =IF(OR($O34="",$P34=""),"",MAX(0,($P34-$O34)/(365.25/12))) -> 22.439425 | R34: =IF(OR($A34="",$E34<>"Y"),0,IF($F34="SAR",$G34*Inputs!$B$9,IF($F34="LOE",$G34*N($Q34),$G34))*N($H34)*IF($I34="Y",Inputs!$B$16,1)*IF($J34="Y",Inputs!$B$22,1)) -> 320 | T34: =$R34*IF($S34<>"",$S34,Inputs!$B$11) -> 480 | U34: Per design review (Inputs qty): hazard status briefing, risk matrix, open items. Distinct from Task 104 attendance. | V34: Safety Analyst
A35: LOE-3 | B35: LOE / Other | C35: Safety program management, BOE/EVM upkeep, travel | D35: Internal management | E35: Y | F35: LOE | G35: 6 | H35: 1 | I35: N | J35: N | K35: Program Start | L35: 0 | M35: Program End | N35: 0 | O35: =IFERROR(INDEX(Milestones!$E$5:$E$34,MATCH($K35,Milestones!$B$5:$B$34,0))+N($L35)*7,"") -> 46391 | P35: =IFERROR(INDEX(Milestones!$E$5:$E$34,MATCH($M35,Milestones!$B$5:$B$34,0))+N($N35)*7,"") -> 47483 | Q35: =IF(OR($O35="",$P35=""),"",MAX(0,($P35-$O35)/(365.25/12))) -> 35.876797 | R35: =IF(OR($A35="",$E35<>"Y"),0,IF($F35="SAR",$G35*Inputs!$B$9,IF($F35="LOE",$G35*N($Q35),$G35))*N($H35)*IF($I35="Y",Inputs!$B$16,1)*IF($J35="Y",Inputs!$B$22,1)) -> 215.26078 | T35: =$R35*IF($S35<>"",$S35,Inputs!$B$11) -> 322.89117 | U35: Internal overhead not tied to a task: EVM/BOE maintenance, scheduling, travel. Complexity not applied. | V35: Safety Lead
O36: =IFERROR(INDEX(Milestones!$E$5:$E$34,MATCH($K36,Milestones!$B$5:$B$34,0))+N($L36)*7,"") | P36: =IFERROR(INDEX(Milestones!$E$5:$E$34,MATCH($M36,Milestones!$B$5:$B$34,0))+N($N36)*7,"") | Q36: =IF(OR($O36="",$P36=""),"",MAX(0,($P36-$O36)/(365.25/12))) | R36: =IF(OR($A36="",$E36<>"Y"),0,IF($F36="SAR",$G36*Inputs!$B$9,IF($F36="LOE",$G36*N($Q36),$G36))*N($H36)*IF($I36="Y",Inputs!$B$16,1)*IF($J36="Y",Inputs!$B$22,1)) -> 0 | T36: =$R36*IF($S36<>"",$S36,Inputs!$B$11) -> 0
O37: =IFERROR(INDEX(Milestones!$E$5:$E$34,MATCH($K37,Milestones!$B$5:$B$34,0))+N($L37)*7,"") | P37: =IFERROR(INDEX(Milestones!$E$5:$E$34,MATCH($M37,Milestones!$B$5:$B$34,0))+N($N37)*7,"") | Q37: =IF(OR($O37="",$P37=""),"",MAX(0,($P37-$O37)/(365.25/12))) | R37: =IF(OR($A37="",$E37<>"Y"),0,IF($F37="SAR",$G37*Inputs!$B$9,IF($F37="LOE",$G37*N($Q37),$G37))*N($H37)*IF($I37="Y",Inputs!$B$16,1)*IF($J37="Y",Inputs!$B$22,1)) -> 0 | T37: =$R37*IF($S37<>"",$S37,Inputs!$B$11) -> 0
O38: =IFERROR(INDEX(Milestones!$E$5:$E$34,MATCH($K38,Milestones!$B$5:$B$34,0))+N($L38)*7,"") | P38: =IFERROR(INDEX(Milestones!$E$5:$E$34,MATCH($M38,Milestones!$B$5:$B$34,0))+N($N38)*7,"") | Q38: =IF(OR($O38="",$P38=""),"",MAX(0,($P38-$O38)/(365.25/12))) | R38: =IF(OR($A38="",$E38<>"Y"),0,IF($F38="SAR",$G38*Inputs!$B$9,IF($F38="LOE",$G38*N($Q38),$G38))*N($H38)*IF($I38="Y",Inputs!$B$16,1)*IF($J38="Y",Inputs!$B$22,1)) -> 0 | T38: =$R38*IF($S38<>"",$S38,Inputs!$B$11) -> 0
O39: =IFERROR(INDEX(Milestones!$E$5:$E$34,MATCH($K39,Milestones!$B$5:$B$34,0))+N($L39)*7,"") | P39: =IFERROR(INDEX(Milestones!$E$5:$E$34,MATCH($M39,Milestones!$B$5:$B$34,0))+N($N39)*7,"") | Q39: =IF(OR($O39="",$P39=""),"",MAX(0,($P39-$O39)/(365.25/12))) | R39: =IF(OR($A39="",$E39<>"Y"),0,IF($F39="SAR",$G39*Inputs!$B$9,IF($F39="LOE",$G39*N($Q39),$G39))*N($H39)*IF($I39="Y",Inputs!$B$16,1)*IF($J39="Y",Inputs!$B$22,1)) -> 0 | T39: =$R39*IF($S39<>"",$S39,Inputs!$B$11) -> 0
O40: =IFERROR(INDEX(Milestones!$E$5:$E$34,MATCH($K40,Milestones!$B$5:$B$34,0))+N($L40)*7,"") | P40: =IFERROR(INDEX(Milestones!$E$5:$E$34,MATCH($M40,Milestones!$B$5:$B$34,0))+N($N40)*7,"") | Q40: =IF(OR($O40="",$P40=""),"",MAX(0,($P40-$O40)/(365.25/12))) | R40: =IF(OR($A40="",$E40<>"Y"),0,IF($F40="SAR",$G40*Inputs!$B$9,IF($F40="LOE",$G40*N($Q40),$G40))*N($H40)*IF($I40="Y",Inputs!$B$16,1)*IF($J40="Y",Inputs!$B$22,1)) -> 0 | T40: =$R40*IF($S40<>"",$S40,Inputs!$B$11) -> 0
O41: =IFERROR(INDEX(Milestones!$E$5:$E$34,MATCH($K41,Milestones!$B$5:$B$34,0))+N($L41)*7,"") | P41: =IFERROR(INDEX(Milestones!$E$5:$E$34,MATCH($M41,Milestones!$B$5:$B$34,0))+N($N41)*7,"") | Q41: =IF(OR($O41="",$P41=""),"",MAX(0,($P41-$O41)/(365.25/12))) | R41: =IF(OR($A41="",$E41<>"Y"),0,IF($F41="SAR",$G41*Inputs!$B$9,IF($F41="LOE",$G41*N($Q41),$G41))*N($H41)*IF($I41="Y",Inputs!$B$16,1)*IF($J41="Y",Inputs!$B$22,1)) -> 0 | T41: =$R41*IF($S41<>"",$S41,Inputs!$B$11) -> 0
O42: =IFERROR(INDEX(Milestones!$E$5:$E$34,MATCH($K42,Milestones!$B$5:$B$34,0))+N($L42)*7,"") | P42: =IFERROR(INDEX(Milestones!$E$5:$E$34,MATCH($M42,Milestones!$B$5:$B$34,0))+N($N42)*7,"") | Q42: =IF(OR($O42="",$P42=""),"",MAX(0,($P42-$O42)/(365.25/12))) | R42: =IF(OR($A42="",$E42<>"Y"),0,IF($F42="SAR",$G42*Inputs!$B$9,IF($F42="LOE",$G42*N($Q42),$G42))*N($H42)*IF($I42="Y",Inputs!$B$16,1)*IF($J42="Y",Inputs!$B$22,1)) -> 0 | T42: =$R42*IF($S42<>"",$S42,Inputs!$B$11) -> 0
O43: =IFERROR(INDEX(Milestones!$E$5:$E$34,MATCH($K43,Milestones!$B$5:$B$34,0))+N($L43)*7,"") | P43: =IFERROR(INDEX(Milestones!$E$5:$E$34,MATCH($M43,Milestones!$B$5:$B$34,0))+N($N43)*7,"") | Q43: =IF(OR($O43="",$P43=""),"",MAX(0,($P43-$O43)/(365.25/12))) | R43: =IF(OR($A43="",$E43<>"Y"),0,IF($F43="SAR",$G43*Inputs!$B$9,IF($F43="LOE",$G43*N($Q43),$G43))*N($H43)*IF($I43="Y",Inputs!$B$16,1)*IF($J43="Y",Inputs!$B$22,1)) -> 0 | T43: =$R43*IF($S43<>"",$S43,Inputs!$B$11) -> 0
O44: =IFERROR(INDEX(Milestones!$E$5:$E$34,MATCH($K44,Milestones!$B$5:$B$34,0))+N($L44)*7,"") | P44: =IFERROR(INDEX(Milestones!$E$5:$E$34,MATCH($M44,Milestones!$B$5:$B$34,0))+N($N44)*7,"") | Q44: =IF(OR($O44="",$P44=""),"",MAX(0,($P44-$O44)/(365.25/12))) | R44: =IF(OR($A44="",$E44<>"Y"),0,IF($F44="SAR",$G44*Inputs!$B$9,IF($F44="LOE",$G44*N($Q44),$G44))*N($H44)*IF($I44="Y",Inputs!$B$16,1)*IF($J44="Y",Inputs!$B$22,1)) -> 0 | T44: =$R44*IF($S44<>"",$S44,Inputs!$B$11) -> 0
O45: =IFERROR(INDEX(Milestones!$E$5:$E$34,MATCH($K45,Milestones!$B$5:$B$34,0))+N($L45)*7,"") | P45: =IFERROR(INDEX(Milestones!$E$5:$E$34,MATCH($M45,Milestones!$B$5:$B$34,0))+N($N45)*7,"") | Q45: =IF(OR($O45="",$P45=""),"",MAX(0,($P45-$O45)/(365.25/12))) | R45: =IF(OR($A45="",$E45<>"Y"),0,IF($F45="SAR",$G45*Inputs!$B$9,IF($F45="LOE",$G45*N($Q45),$G45))*N($H45)*IF($I45="Y",Inputs!$B$16,1)*IF($J45="Y",Inputs!$B$22,1)) -> 0 | T45: =$R45*IF($S45<>"",$S45,Inputs!$B$11) -> 0
O46: =IFERROR(INDEX(Milestones!$E$5:$E$34,MATCH($K46,Milestones!$B$5:$B$34,0))+N($L46)*7,"") | P46: =IFERROR(INDEX(Milestones!$E$5:$E$34,MATCH($M46,Milestones!$B$5:$B$34,0))+N($N46)*7,"") | Q46: =IF(OR($O46="",$P46=""),"",MAX(0,($P46-$O46)/(365.25/12))) | R46: =IF(OR($A46="",$E46<>"Y"),0,IF($F46="SAR",$G46*Inputs!$B$9,IF($F46="LOE",$G46*N($Q46),$G46))*N($H46)*IF($I46="Y",Inputs!$B$16,1)*IF($J46="Y",Inputs!$B$22,1)) -> 0 | T46: =$R46*IF($S46<>"",$S46,Inputs!$B$11) -> 0
O47: =IFERROR(INDEX(Milestones!$E$5:$E$34,MATCH($K47,Milestones!$B$5:$B$34,0))+N($L47)*7,"") | P47: =IFERROR(INDEX(Milestones!$E$5:$E$34,MATCH($M47,Milestones!$B$5:$B$34,0))+N($N47)*7,"") | Q47: =IF(OR($O47="",$P47=""),"",MAX(0,($P47-$O47)/(365.25/12))) | R47: =IF(OR($A47="",$E47<>"Y"),0,IF($F47="SAR",$G47*Inputs!$B$9,IF($F47="LOE",$G47*N($Q47),$G47))*N($H47)*IF($I47="Y",Inputs!$B$16,1)*IF($J47="Y",Inputs!$B$22,1)) -> 0 | T47: =$R47*IF($S47<>"",$S47,Inputs!$B$11) -> 0
... O60: =IFERROR(INDEX(Milestones!$E$5:$E$34,MATCH($K60,Milestones!$B$5:$B$34,0))+N($L60)*7,"") | P60: =IFERROR(INDEX(Milestones!$E$5:$E$34,MATCH($M60,Milestones!$B$5:$B$34,0))+N($N60)*7,"") | Q60: =IF(OR($O60="",$P60=""),"",MAX(0,($P60-$O60)/(365.25/12))) | R60: =IF(OR($A60="",$E60<>"Y"),0,IF($F60="SAR",$G60*Inputs!$B$9,IF($F60="LOE",$G60*N($Q60),$G60))*N($H60)*IF($I60="Y",Inputs!$B$16,1)*IF($J60="Y",Inputs!$B$22,1)) -> 0 | T60: =$R60*IF($S60<>"",$S60,Inputs!$B$11) -> 0
C62: TOTAL (tasked rows) | R62: =SUM(R6:R60) -> 11953.199 | T62: =SUM(T6:T60) -> 17929.799

Sheet Phasing
A1: Monthly Phasing — hours spread evenly across each row's start–end window
A2: ="Basis: "&Inputs!$B$7&" | Hours per FTE-month: "&TEXT(Inputs!$B$6,"0") -> Basis: P50 | Hours per FTE-month: 156
E3: Month # | F3: =IF(F4="","",1) -> 1 | G3: =IF(G4="","",2) -> 2 | H3: =IF(H4="","",3) -> 3 | I3: =IF(I4="","",4) -> 4 | J3: =IF(J4="","",5) -> 5 | K3: =IF(K4="","",6) -> 6 | L3: =IF(L4="","",7) -> 7 | M3: =IF(M4="","",8) -> 8 | N3: =IF(N4="","",9) -> 9 | O3: =IF(O4="","",10) -> 10 | P3: =IF(P4="","",11) -> 11 | Q3: =IF(Q4="","",12) -> 12 | R3: =IF(R4="","",13) -> 13 | S3: =IF(S4="","",14) -> 14 | T3: =IF(T4="","",15) -> 15 | U3: =IF(U4="","",16) -> 16 | V3: =IF(V4="","",17) -> 17 | W3: =IF(W4="","",18) -> 18 | X3: =IF(X4="","",19) -> 19 | Y3: =IF(Y4="","",20) -> 20 | Z3: =IF(Z4="","",21) -> 21 | AA3: =IF(AA4="","",22) -> 22 | AB3: =IF(AB4="","",23) -> 23 | AC3: =IF(AC4="","",24) -> 24 | AD3: =IF(AD4="","",25) -> 25 | AE3: =IF(AE4="","",26) -> 26 | AF3: =IF(AF4="","",27) -> 27 | AG3: =IF(AG4="","",28) -> 28 | AH3: =IF(AH4="","",29) -> 29 | AI3: =IF(AI4="","",30) -> 30 | AJ3: =IF(AJ4="","",31) -> 31 | AK3: =IF(AK4="","",32) -> 32 | AL3: =IF(AL4="","",33) -> 33 | AM3: =IF(AM4="","",34) -> 34 | AN3: =IF(AN4="","",35) -> 35 | AO3: =IF(AO4="","",36) -> 36 | AP3: =IF(AP4="","",37) | AQ3: =IF(AQ4="","",38) | AR3: =IF(AR4="","",39) | AS3: =IF(AS4="","",40) | AT3: =IF(AT4="","",41) | AU3: =IF(AU4="","",42) | AV3: =IF(AV4="","",43) | AW3: =IF(AW4="","",44) | AX3: =IF(AX4="","",45) | AY3: =IF(AY4="","",46) | AZ3: =IF(AZ4="","",47) | BA3: =IF(BA4="","",48) | BB3: =IF(BB4="","",49) | BC3: =IF(BC4="","",50) | BD3: =IF(BD4="","",51) | BE3: =IF(BE4="","",52) | BF3: =IF(BF4="","",53) | BG3: =IF(BG4="","",54) | BH3: =IF(BH4="","",55) | BI3: =IF(BI4="","",56) | BJ3: =IF(BJ4="","",57) | BK3: =IF(BK4="","",58) | BL3: =IF(BL4="","",59) | BM3: =IF(BM4="","",60) | BN3: =IF(BN4="","",61) | BO3: =IF(BO4="","",62) | BP3: =IF(BP4="","",63) | BQ3: =IF(BQ4="","",64) | BR3: =IF(BR4="","",65) | BS3: =IF(BS4="","",66) | BT3: =IF(BT4="","",67) | BU3: =IF(BU4="","",68) | BV3: =IF(BV4="","",69) | BW3: =IF(BW4="","",70) | BX3: =IF(BX4="","",71) | BY3: =IF(BY4="","",72)
A4: Task | B4: Title | C4: Start | D4: End | E4: Hours | F4: =IF(EDATE(Inputs!$B$4,0)>Inputs!$B$5,"",EDATE(Inputs!$B$4,0)) -> 46391 | G4: =IF(EDATE(Inputs!$B$4,1)>Inputs!$B$5,"",EDATE(Inputs!$B$4,1)) -> 46422 | H4: =IF(EDATE(Inputs!$B$4,2)>Inputs!$B$5,"",EDATE(Inputs!$B$4,2)) -> 46450 | I4: =IF(EDATE(Inputs!$B$4,3)>Inputs!$B$5,"",EDATE(Inputs!$B$4,3)) -> 46481 | J4: =IF(EDATE(Inputs!$B$4,4)>Inputs!$B$5,"",EDATE(Inputs!$B$4,4)) -> 46511 | K4: =IF(EDATE(Inputs!$B$4,5)>Inputs!$B$5,"",EDATE(Inputs!$B$4,5)) -> 46542 | L4: =IF(EDATE(Inputs!$B$4,6)>Inputs!$B$5,"",EDATE(Inputs!$B$4,6)) -> 46572 | M4: =IF(EDATE(Inputs!$B$4,7)>Inputs!$B$5,"",EDATE(Inputs!$B$4,7)) -> 46603 | N4: =IF(EDATE(Inputs!$B$4,8)>Inputs!$B$5,"",EDATE(Inputs!$B$4,8)) -> 46634 | O4: =IF(EDATE(Inputs!$B$4,9)>Inputs!$B$5,"",EDATE(Inputs!$B$4,9)) -> 46664 | P4: =IF(EDATE(Inputs!$B$4,10)>Inputs!$B$5,"",EDATE(Inputs!$B$4,10)) -> 46695 | Q4: =IF(EDATE(Inputs!$B$4,11)>Inputs!$B$5,"",EDATE(Inputs!$B$4,11)) -> 46725 | R4: =IF(EDATE(Inputs!$B$4,12)>Inputs!$B$5,"",EDATE(Inputs!$B$4,12)) -> 46756 | S4: =IF(EDATE(Inputs!$B$4,13)>Inputs!$B$5,"",EDATE(Inputs!$B$4,13)) -> 46787 | T4: =IF(EDATE(Inputs!$B$4,14)>Inputs!$B$5,"",EDATE(Inputs!$B$4,14)) -> 46816 | U4: =IF(EDATE(Inputs!$B$4,15)>Inputs!$B$5,"",EDATE(Inputs!$B$4,15)) -> 46847 | V4: =IF(EDATE(Inputs!$B$4,16)>Inputs!$B$5,"",EDATE(Inputs!$B$4,16)) -> 46877 | W4: =IF(EDATE(Inputs!$B$4,17)>Inputs!$B$5,"",EDATE(Inputs!$B$4,17)) -> 46908 | X4: =IF(EDATE(Inputs!$B$4,18)>Inputs!$B$5,"",EDATE(Inputs!$B$4,18)) -> 46938 | Y4: =IF(EDATE(Inputs!$B$4,19)>Inputs!$B$5,"",EDATE(Inputs!$B$4,19)) -> 46969 | Z4: =IF(EDATE(Inputs!$B$4,20)>Inputs!$B$5,"",EDATE(Inputs!$B$4,20)) -> 47000 | AA4: =IF(EDATE(Inputs!$B$4,21)>Inputs!$B$5,"",EDATE(Inputs!$B$4,21)) -> 47030 | AB4: =IF(EDATE(Inputs!$B$4,22)>Inputs!$B$5,"",EDATE(Inputs!$B$4,22)) -> 47061 | AC4: =IF(EDATE(Inputs!$B$4,23)>Inputs!$B$5,"",EDATE(Inputs!$B$4,23)) -> 47091 | AD4: =IF(EDATE(Inputs!$B$4,24)>Inputs!$B$5,"",EDATE(Inputs!$B$4,24)) -> 47122 | AE4: =IF(EDATE(Inputs!$B$4,25)>Inputs!$B$5,"",EDATE(Inputs!$B$4,25)) -> 47153 | AF4: =IF(EDATE(Inputs!$B$4,26)>Inputs!$B$5,"",EDATE(Inputs!$B$4,26)) -> 47181 | AG4: =IF(EDATE(Inputs!$B$4,27)>Inputs!$B$5,"",EDATE(Inputs!$B$4,27)) -> 47212 | AH4: =IF(EDATE(Inputs!$B$4,28)>Inputs!$B$5,"",EDATE(Inputs!$B$4,28)) -> 47242 | AI4: =IF(EDATE(Inputs!$B$4,29)>Inputs!$B$5,"",EDATE(Inputs!$B$4,29)) -> 47273 | AJ4: =IF(EDATE(Inputs!$B$4,30)>Inputs!$B$5,"",EDATE(Inputs!$B$4,30)) -> 47303 | AK4: =IF(EDATE(Inputs!$B$4,31)>Inputs!$B$5,"",EDATE(Inputs!$B$4,31)) -> 47334 | AL4: =IF(EDATE(Inputs!$B$4,32)>Inputs!$B$5,"",EDATE(Inputs!$B$4,32)) -> 47365 | AM4: =IF(EDATE(Inputs!$B$4,33)>Inputs!$B$5,"",EDATE(Inputs!$B$4,33)) -> 47395 | AN4: =IF(EDATE(Inputs!$B$4,34)>Inputs!$B$5,"",EDATE(Inputs!$B$4,34)) -> 47426 | AO4: =IF(EDATE(Inputs!$B$4,35)>Inputs!$B$5,"",EDATE(Inputs!$B$4,35)) -> 47456 | AP4: =IF(EDATE(Inputs!$B$4,36)>Inputs!$B$5,"",EDATE(Inputs!$B$4,36)) | AQ4: =IF(EDATE(Inputs!$B$4,37)>Inputs!$B$5,"",EDATE(Inputs!$B$4,37)) | AR4: =IF(EDATE(Inputs!$B$4,38)>Inputs!$B$5,"",EDATE(Inputs!$B$4,38)) | AS4: =IF(EDATE(Inputs!$B$4,39)>Inputs!$B$5,"",EDATE(Inputs!$B$4,39)) | AT4: =IF(EDATE(Inputs!$B$4,40)>Inputs!$B$5,"",EDATE(Inputs!$B$4,40)) | AU4: =IF(EDATE(Inputs!$B$4,41)>Inputs!$B$5,"",EDATE(Inputs!$B$4,41)) | AV4: =IF(EDATE(Inputs!$B$4,42)>Inputs!$B$5,"",EDATE(Inputs!$B$4,42)) | AW4: =IF(EDATE(Inputs!$B$4,43)>Inputs!$B$5,"",EDATE(Inputs!$B$4,43)) | AX4: =IF(EDATE(Inputs!$B$4,44)>Inputs!$B$5,"",EDATE(Inputs!$B$4,44)) | AY4: =IF(EDATE(Inputs!$B$4,45)>Inputs!$B$5,"",EDATE(Inputs!$B$4,45)) | AZ4: =IF(EDATE(Inputs!$B$4,46)>Inputs!$B$5,"",EDATE(Inputs!$B$4,46)) | BA4: =IF(EDATE(Inputs!$B$4,47)>Inputs!$B$5,"",EDATE(Inputs!$B$4,47)) | BB4: =IF(EDATE(Inputs!$B$4,48)>Inputs!$B$5,"",EDATE(Inputs!$B$4,48)) | BC4: =IF(EDATE(Inputs!$B$4,49)>Inputs!$B$5,"",EDATE(Inputs!$B$4,49)) | BD4: =IF(EDATE(Inputs!$B$4,50)>Inputs!$B$5,"",EDATE(Inputs!$B$4,50)) | BE4: =IF(EDATE(Inputs!$B$4,51)>Inputs!$B$5,"",EDATE(Inputs!$B$4,51)) | BF4: =IF(EDATE(Inputs!$B$4,52)>Inputs!$B$5,"",EDATE(Inputs!$B$4,52)) | BG4: =IF(EDATE(Inputs!$B$4,53)>Inputs!$B$5,"",EDATE(Inputs!$B$4,53)) | BH4: =IF(EDATE(Inputs!$B$4,54)>Inputs!$B$5,"",EDATE(Inputs!$B$4,54)) | BI4: =IF(EDATE(Inputs!$B$4,55)>Inputs!$B$5,"",EDATE(Inputs!$B$4,55)) | BJ4: =IF(EDATE(Inputs!$B$4,56)>Inputs!$B$5,"",EDATE(Inputs!$B$4,56)) | BK4: =IF(EDATE(Inputs!$B$4,57)>Inputs!$B$5,"",EDATE(Inputs!$B$4,57)) | BL4: =IF(EDATE(Inputs!$B$4,58)>Inputs!$B$5,"",EDATE(Inputs!$B$4,58)) | BM4: =IF(EDATE(Inputs!$B$4,59)>Inputs!$B$5,"",EDATE(Inputs!$B$4,59)) | BN4: =IF(EDATE(Inputs!$B$4,60)>Inputs!$B$5,"",EDATE(Inputs!$B$4,60)) | BO4: =IF(EDATE(Inputs!$B$4,61)>Inputs!$B$5,"",EDATE(Inputs!$B$4,61)) | BP4: =IF(EDATE(Inputs!$B$4,62)>Inputs!$B$5,"",EDATE(Inputs!$B$4,62)) | BQ4: =IF(EDATE(Inputs!$B$4,63)>Inputs!$B$5,"",EDATE(Inputs!$B$4,63)) | BR4: =IF(EDATE(Inputs!$B$4,64)>Inputs!$B$5,"",EDATE(Inputs!$B$4,64)) | BS4: =IF(EDATE(Inputs!$B$4,65)>Inputs!$B$5,"",EDATE(Inputs!$B$4,65)) | BT4: =IF(EDATE(Inputs!$B$4,66)>Inputs!$B$5,"",EDATE(Inputs!$B$4,66)) | BU4: =IF(EDATE(Inputs!$B$4,67)>Inputs!$B$5,"",EDATE(Inputs!$B$4,67)) | BV4: =IF(EDATE(Inputs!$B$4,68)>Inputs!$B$5,"",EDATE(Inputs!$B$4,68)) | BW4: =IF(EDATE(Inputs!$B$4,69)>Inputs!$B$5,"",EDATE(Inputs!$B$4,69)) | BX4: =IF(EDATE(Inputs!$B$4,70)>Inputs!$B$5,"",EDATE(Inputs!$B$4,70)) | BY4: =IF(EDATE(Inputs!$B$4,71)>Inputs!$B$5,"",EDATE(Inputs!$B$4,71))
A5: =IF(BOE!$A6="","",BOE!$A6) -> 101 | B5: =IF(BOE!$A6="","",BOE!$C6) -> Hazard identification & mitigation effort using the system safety methodology (program execution) | C5: =IF(BOE!$O6="","",BOE!$O6) -> 46391 | D5: =IF(BOE!$P6="","",BOE!$P6) -> 47483 | E5: =IF(Inputs!$B$7="P90",BOE!$T6,BOE!$R6) -> 717.53593 | F5: =IF(OR(F$4="",$C5="",$D5="",N($E5)=0),"",$E5*MAX(0,MIN($D5+1,EDATE(F$4,1))-MAX($C5,F$4))/MAX(1,$D5+1-$C5)) -> 20.350973 | G5: =IF(OR(G$4="",$C5="",$D5="",N($E5)=0),"",$E5*MAX(0,MIN($D5+1,EDATE(G$4,1))-MAX($C5,G$4))/MAX(1,$D5+1-$C5)) -> 18.381524 | H5: =IF(OR(H$4="",$C5="",$D5="",N($E5)=0),"",$E5*MAX(0,MIN($D5+1,EDATE(H$4,1))-MAX($C5,H$4))/MAX(1,$D5+1-$C5)) -> 20.350973 | I5: =IF(OR(I$4="",$C5="",$D5="",N($E5)=0),"",$E5*MAX(0,MIN($D5+1,EDATE(I$4,1))-MAX($C5,I$4))/MAX(1,$D5+1-$C5)) -> 19.69449 | J5: =IF(OR(J$4="",$C5="",$D5="",N($E5)=0),"",$E5*MAX(0,MIN($D5+1,EDATE(J$4,1))-MAX($C5,J$4))/MAX(1,$D5+1-$C5)) -> 20.350973 | K5: =IF(OR(K$4="",$C5="",$D5="",N($E5)=0),"",$E5*MAX(0,MIN($D5+1,EDATE(K$4,1))-MAX($C5,K$4))/MAX(1,$D5+1-$C5)) -> 19.69449 | L5: =IF(OR(L$4="",$C5="",$D5="",N($E5)=0),"",$E5*MAX(0,MIN($D5+1,EDATE(L$4,1))-MAX($C5,L$4))/MAX(1,$D5+1-$C5)) -> 20.350973 | M5: =IF(OR(M$4="",$C5="",$D5="",N($E5)=0),"",$E5*MAX(0,MIN($D5+1,EDATE(M$4,1))-MAX($C5,M$4))/MAX(1,$D5+1-$C5)) -> 20.350973 | ... BY5: =IF(OR(BY$4="",$C5="",$D5="",N($E5)=0),"",$E5*MAX(0,MIN($D5+1,EDATE(BY$4,1))-MAX($C5,BY$4))/MAX(1,$D5+1-$C5))
A6: =IF(BOE!$A7="","",BOE!$A7) -> 102 | B6: =IF(BOE!$A7="","",BOE!$C7) -> System Safety Program Plan (SSPP) | C6: =IF(BOE!$O7="","",BOE!$O7) -> 46391 | D6: =IF(BOE!$P7="","",BOE!$P7) -> 46481 | E6: =IF(Inputs!$B$7="P90",BOE!$T7,BOE!$R7) -> 320 | F6: =IF(OR(F$4="",$C6="",$D6="",N($E6)=0),"",$E6*MAX(0,MIN($D6+1,EDATE(F$4,1))-MAX($C6,F$4))/MAX(1,$D6+1-$C6)) -> 109.01099 | G6: =IF(OR(G$4="",$C6="",$D6="",N($E6)=0),"",$E6*MAX(0,MIN($D6+1,EDATE(G$4,1))-MAX($C6,G$4))/MAX(1,$D6+1-$C6)) -> 98.461538 | H6: =IF(OR(H$4="",$C6="",$D6="",N($E6)=0),"",$E6*MAX(0,MIN($D6+1,EDATE(H$4,1))-MAX($C6,H$4))/MAX(1,$D6+1-$C6)) -> 109.01099 | I6: =IF(OR(I$4="",$C6="",$D6="",N($E6)=0),"",$E6*MAX(0,MIN($D6+1,EDATE(I$4,1))-MAX($C6,I$4))/MAX(1,$D6+1-$C6)) -> 3.5164835 | J6: =IF(OR(J$4="",$C6="",$D6="",N($E6)=0),"",$E6*MAX(0,MIN($D6+1,EDATE(J$4,1))-MAX($C6,J$4))/MAX(1,$D6+1-$C6)) -> 0 | K6: =IF(OR(K$4="",$C6="",$D6="",N($E6)=0),"",$E6*MAX(0,MIN($D6+1,EDATE(K$4,1))-MAX($C6,K$4))/MAX(1,$D6+1-$C6)) -> 0 | L6: =IF(OR(L$4="",$C6="",$D6="",N($E6)=0),"",$E6*MAX(0,MIN($D6+1,EDATE(L$4,1))-MAX($C6,L$4))/MAX(1,$D6+1-$C6)) -> 0 | M6: =IF(OR(M$4="",$C6="",$D6="",N($E6)=0),"",$E6*MAX(0,MIN($D6+1,EDATE(M$4,1))-MAX($C6,M$4))/MAX(1,$D6+1-$C6)) -> 0 | ... BY6: =IF(OR(BY$4="",$C6="",$D6="",N($E6)=0),"",$E6*MAX(0,MIN($D6+1,EDATE(BY$4,1))-MAX($C6,BY$4))/MAX(1,$D6+1-$C6))
A7: =IF(BOE!$A8="","",BOE!$A8) -> 103 | B7: =IF(BOE!$A8="","",BOE!$C8) -> Hazard Management Plan (HMP) — other functional disciplines | C7: =IF(BOE!$O8="","",BOE!$O8) -> 46391 | D7: =IF(BOE!$P8="","",BOE!$P8) -> 46481 | E7: =IF(Inputs!$B$7="P90",BOE!$T8,BOE!$R8) -> 0 | F7: =IF(OR(F$4="",$C7="",$D7="",N($E7)=0),"",$E7*MAX(0,MIN($D7+1,EDATE(F$4,1))-MAX($C7,F$4))/MAX(1,$D7+1-$C7)) | G7: =IF(OR(G$4="",$C7="",$D7="",N($E7)=0),"",$E7*MAX(0,MIN($D7+1,EDATE(G$4,1))-MAX($C7,G$4))/MAX(1,$D7+1-$C7)) | H7: =IF(OR(H$4="",$C7="",$D7="",N($E7)=0),"",$E7*MAX(0,MIN($D7+1,EDATE(H$4,1))-MAX($C7,H$4))/MAX(1,$D7+1-$C7)) | I7: =IF(OR(I$4="",$C7="",$D7="",N($E7)=0),"",$E7*MAX(0,MIN($D7+1,EDATE(I$4,1))-MAX($C7,I$4))/MAX(1,$D7+1-$C7)) | J7: =IF(OR(J$4="",$C7="",$D7="",N($E7)=0),"",$E7*MAX(0,MIN($D7+1,EDATE(J$4,1))-MAX($C7,J$4))/MAX(1,$D7+1-$C7)) | K7: =IF(OR(K$4="",$C7="",$D7="",N($E7)=0),"",$E7*MAX(0,MIN($D7+1,EDATE(K$4,1))-MAX($C7,K$4))/MAX(1,$D7+1-$C7)) | L7: =IF(OR(L$4="",$C7="",$D7="",N($E7)=0),"",$E7*MAX(0,MIN($D7+1,EDATE(L$4,1))-MAX($C7,L$4))/MAX(1,$D7+1-$C7)) | M7: =IF(OR(M$4="",$C7="",$D7="",N($E7)=0),"",$E7*MAX(0,MIN($D7+1,EDATE(M$4,1))-MAX($C7,M$4))/MAX(1,$D7+1-$C7)) | ... BY7: =IF(OR(BY$4="",$C7="",$D7="",N($E7)=0),"",$E7*MAX(0,MIN($D7+1,EDATE(BY$4,1))-MAX($C7,BY$4))/MAX(1,$D7+1-$C7))
A8: =IF(BOE!$A9="","",BOE!$A9) -> 104 | B8: =IF(BOE!$A9="","",BOE!$C9) -> Support of Government reviews / audits / boards | C8: =IF(BOE!$O9="","",BOE!$O9) -> 46453 | D8: =IF(BOE!$P9="","",BOE!$P9) -> 47483 | E8: =IF(Inputs!$B$7="P90",BOE!$T9,BOE!$R9) -> 240 | F8: =IF(OR(F$4="",$C8="",$D8="",N($E8)=0),"",$E8*MAX(0,MIN($D8+1,EDATE(F$4,1))-MAX($C8,F$4))/MAX(1,$D8+1-$C8)) -> 0 | G8: =IF(OR(G$4="",$C8="",$D8="",N($E8)=0),"",$E8*MAX(0,MIN($D8+1,EDATE(G$4,1))-MAX($C8,G$4))/MAX(1,$D8+1-$C8)) -> 0 | H8: =IF(OR(H$4="",$C8="",$D8="",N($E8)=0),"",$E8*MAX(0,MIN($D8+1,EDATE(H$4,1))-MAX($C8,H$4))/MAX(1,$D8+1-$C8)) -> 6.5179437 | I8: =IF(OR(I$4="",$C8="",$D8="",N($E8)=0),"",$E8*MAX(0,MIN($D8+1,EDATE(I$4,1))-MAX($C8,I$4))/MAX(1,$D8+1-$C8)) -> 6.9835112 | J8: =IF(OR(J$4="",$C8="",$D8="",N($E8)=0),"",$E8*MAX(0,MIN($D8+1,EDATE(J$4,1))-MAX($C8,J$4))/MAX(1,$D8+1-$C8)) -> 7.2162949 | K8: =IF(OR(K$4="",$C8="",$D8="",N($E8)=0),"",$E8*MAX(0,MIN($D8+1,EDATE(K$4,1))-MAX($C8,K$4))/MAX(1,$D8+1-$C8)) -> 6.9835112 | L8: =IF(OR(L$4="",$C8="",$D8="",N($E8)=0),"",$E8*MAX(0,MIN($D8+1,EDATE(L$4,1))-MAX($C8,L$4))/MAX(1,$D8+1-$C8)) -> 7.2162949 | M8: =IF(OR(M$4="",$C8="",$D8="",N($E8)=0),"",$E8*MAX(0,MIN($D8+1,EDATE(M$4,1))-MAX($C8,M$4))/MAX(1,$D8+1-$C8)) -> 7.2162949 | ... BY8: =IF(OR(BY$4="",$C8="",$D8="",N($E8)=0),"",$E8*MAX(0,MIN($D8+1,EDATE(BY$4,1))-MAX($C8,BY$4))/MAX(1,$D8+1-$C8))
A9: =IF(BOE!$A10="","",BOE!$A10) -> 105 | B9: =IF(BOE!$A10="","",BOE!$C10) -> Integrated Product Team / Working Group support | C9: =IF(BOE!$O10="","",BOE!$O10) -> 46391 | D9: =IF(BOE!$P10="","",BOE!$P10) -> 47483 | E9: =IF(Inputs!$B$7="P90",BOE!$T10,BOE!$R10) -> 430.52156 | F9: =IF(OR(F$4="",$C9="",$D9="",N($E9)=0),"",$E9*MAX(0,MIN($D9+1,EDATE(F$4,1))-MAX($C9,F$4))/MAX(1,$D9+1-$C9)) -> 12.210584 | G9: =IF(OR(G$4="",$C9="",$D9="",N($E9)=0),"",$E9*MAX(0,MIN($D9+1,EDATE(G$4,1))-MAX($C9,G$4))/MAX(1,$D9+1-$C9)) -> 11.028915 | H9: =IF(OR(H$4="",$C9="",$D9="",N($E9)=0),"",$E9*MAX(0,MIN($D9+1,EDATE(H$4,1))-MAX($C9,H$4))/MAX(1,$D9+1-$C9)) -> 12.210584 | I9: =IF(OR(I$4="",$C9="",$D9="",N($E9)=0),"",$E9*MAX(0,MIN($D9+1,EDATE(I$4,1))-MAX($C9,I$4))/MAX(1,$D9+1-$C9)) -> 11.816694 | J9: =IF(OR(J$4="",$C9="",$D9="",N($E9)=0),"",$E9*MAX(0,MIN($D9+1,EDATE(J$4,1))-MAX($C9,J$4))/MAX(1,$D9+1-$C9)) -> 12.210584 | K9: =IF(OR(K$4="",$C9="",$D9="",N($E9)=0),"",$E9*MAX(0,MIN($D9+1,EDATE(K$4,1))-MAX($C9,K$4))/MAX(1,$D9+1-$C9)) -> 11.816694 | L9: =IF(OR(L$4="",$C9="",$D9="",N($E9)=0),"",$E9*MAX(0,MIN($D9+1,EDATE(L$4,1))-MAX($C9,L$4))/MAX(1,$D9+1-$C9)) -> 12.210584 | M9: =IF(OR(M$4="",$C9="",$D9="",N($E9)=0),"",$E9*MAX(0,MIN($D9+1,EDATE(M$4,1))-MAX($C9,M$4))/MAX(1,$D9+1-$C9)) -> 12.210584 | ... BY9: =IF(OR(BY$4="",$C9="",$D9="",N($E9)=0),"",$E9*MAX(0,MIN($D9+1,EDATE(BY$4,1))-MAX($C9,BY$4))/MAX(1,$D9+1-$C9))
A10: =IF(BOE!$A11="","",BOE!$A11) -> 106a | B10: =IF(BOE!$A11="","",BOE!$C11) -> Hazard Tracking System — establish | C10: =IF(BOE!$O11="","",BOE!$O11) -> 46391 | D10: =IF(BOE!$P11="","",BOE!$P11) -> 46481 | E10: =IF(Inputs!$B$7="P90",BOE!$T11,BOE!$R11) -> 120 | F10: =IF(OR(F$4="",$C10="",$D10="",N($E10)=0),"",$E10*MAX(0,MIN($D10+1,EDATE(F$4,1))-MAX($C10,F$4))/MAX(1,$D10+1-$C10)) -> 40.879121 | G10: =IF(OR(G$4="",$C10="",$D10="",N($E10)=0),"",$E10*MAX(0,MIN($D10+1,EDATE(G$4,1))-MAX($C10,G$4))/MAX(1,$D10+1-$C10)) -> 36.923077 | H10: =IF(OR(H$4="",$C10="",$D10="",N($E10)=0),"",$E10*MAX(0,MIN($D10+1,EDATE(H$4,1))-MAX($C10,H$4))/MAX(1,$D10+1-$C10)) -> 40.879121 | I10: =IF(OR(I$4="",$C10="",$D10="",N($E10)=0),"",$E10*MAX(0,MIN($D10+1,EDATE(I$4,1))-MAX($C10,I$4))/MAX(1,$D10+1-$C10)) -> 1.3186813 | J10: =IF(OR(J$4="",$C10="",$D10="",N($E10)=0),"",$E10*MAX(0,MIN($D10+1,EDATE(J$4,1))-MAX($C10,J$4))/MAX(1,$D10+1-$C10)) -> 0 | K10: =IF(OR(K$4="",$C10="",$D10="",N($E10)=0),"",$E10*MAX(0,MIN($D10+1,EDATE(K$4,1))-MAX($C10,K$4))/MAX(1,$D10+1-$C10)) -> 0 | L10: =IF(OR(L$4="",$C10="",$D10="",N($E10)=0),"",$E10*MAX(0,MIN($D10+1,EDATE(L$4,1))-MAX($C10,L$4))/MAX(1,$D10+1-$C10)) -> 0 | M10: =IF(OR(M$4="",$C10="",$D10="",N($E10)=0),"",$E10*MAX(0,MIN($D10+1,EDATE(M$4,1))-MAX($C10,M$4))/MAX(1,$D10+1-$C10)) -> 0 | ... BY10: =IF(OR(BY$4="",$C10="",$D10="",N($E10)=0),"",$E10*MAX(0,MIN($D10+1,EDATE(BY$4,1))-MAX($C10,BY$4))/MAX(1,$D10+1-$C10))
A11: =IF(BOE!$A12="","",BOE!$A12) -> 106b | B11: =IF(BOE!$A12="","",BOE!$C12) -> Hazard Tracking System — maintain | C11: =IF(BOE!$O12="","",BOE!$O12) -> 46481 | D11: =IF(BOE!$P12="","",BOE!$P12) -> 47483 | E11: =IF(Inputs!$B$7="P90",BOE!$T12,BOE!$R12) -> 263.35934 | F11: =IF(OR(F$4="",$C11="",$D11="",N($E11)=0),"",$E11*MAX(0,MIN($D11+1,EDATE(F$4,1))-MAX($C11,F$4))/MAX(1,$D11+1-$C11)) -> 0 | G11: =IF(OR(G$4="",$C11="",$D11="",N($E11)=0),"",$E11*MAX(0,MIN($D11+1,EDATE(G$4,1))-MAX($C11,G$4))/MAX(1,$D11+1-$C11)) -> 0 | H11: =IF(OR(H$4="",$C11="",$D11="",N($E11)=0),"",$E11*MAX(0,MIN($D11+1,EDATE(H$4,1))-MAX($C11,H$4))/MAX(1,$D11+1-$C11)) -> 0 | I11: =IF(OR(I$4="",$C11="",$D11="",N($E11)=0),"",$E11*MAX(0,MIN($D11+1,EDATE(I$4,1))-MAX($C11,I$4))/MAX(1,$D11+1-$C11)) -> 7.8771488 | J11: =IF(OR(J$4="",$C11="",$D11="",N($E11)=0),"",$E11*MAX(0,MIN($D11+1,EDATE(J$4,1))-MAX($C11,J$4))/MAX(1,$D11+1-$C11)) -> 8.1397205 | K11: =IF(OR(K$4="",$C11="",$D11="",N($E11)=0),"",$E11*MAX(0,MIN($D11+1,EDATE(K$4,1))-MAX($C11,K$4))/MAX(1,$D11+1-$C11)) -> 7.8771488 | L11: =IF(OR(L$4="",$C11="",$D11="",N($E11)=0),"",$E11*MAX(0,MIN($D11+1,EDATE(L$4,1))-MAX($C11,L$4))/MAX(1,$D11+1-$C11)) -> 8.1397205 | M11: =IF(OR(M$4="",$C11="",$D11="",N($E11)=0),"",$E11*MAX(0,MIN($D11+1,EDATE(M$4,1))-MAX($C11,M$4))/MAX(1,$D11+1-$C11)) -> 8.1397205 | ... BY11: =IF(OR(BY$4="",$C11="",$D11="",N($E11)=0),"",$E11*MAX(0,MIN($D11+1,EDATE(BY$4,1))-MAX($C11,BY$4))/MAX(1,$D11+1-$C11))
A12: =IF(BOE!$A13="","",BOE!$A13) -> 107 | B12: =IF(BOE!$A13="","",BOE!$C13) -> Hazard Management Progress Report | C12: =IF(BOE!$O13="","",BOE!$O13) -> 46391 | D12: =IF(BOE!$P13="","",BOE!$P13) -> 47483 | E12: =IF(Inputs!$B$7="P90",BOE!$T13,BOE!$R13) -> 143.50719 | F12: =IF(OR(F$4="",$C12="",$D12="",N($E12)=0),"",$E12*MAX(0,MIN($D12+1,EDATE(F$4,1))-MAX($C12,F$4))/MAX(1,$D12+1-$C12)) -> 4.0701947 | G12: =IF(OR(G$4="",$C12="",$D12="",N($E12)=0),"",$E12*MAX(0,MIN($D12+1,EDATE(G$4,1))-MAX($C12,G$4))/MAX(1,$D12+1-$C12)) -> 3.6763049 | H12: =IF(OR(H$4="",$C12="",$D12="",N($E12)=0),"",$E12*MAX(0,MIN($D12+1,EDATE(H$4,1))-MAX($C12,H$4))/MAX(1,$D12+1-$C12)) -> 4.0701947 | I12: =IF(OR(I$4="",$C12="",$D12="",N($E12)=0),"",$E12*MAX(0,MIN($D12+1,EDATE(I$4,1))-MAX($C12,I$4))/MAX(1,$D12+1-$C12)) -> 3.9388981 | J12: =IF(OR(J$4="",$C12="",$D12="",N($E12)=0),"",$E12*MAX(0,MIN($D12+1,EDATE(J$4,1))-MAX($C12,J$4))/MAX(1,$D12+1-$C12)) -> 4.0701947 | K12: =IF(OR(K$4="",$C12="",$D12="",N($E12)=0),"",$E12*MAX(0,MIN($D12+1,EDATE(K$4,1))-MAX($C12,K$4))/MAX(1,$D12+1-$C12)) -> 3.9388981 | L12: =IF(OR(L$4="",$C12="",$D12="",N($E12)=0),"",$E12*MAX(0,MIN($D12+1,EDATE(L$4,1))-MAX($C12,L$4))/MAX(1,$D12+1-$C12)) -> 4.0701947 | M12: =IF(OR(M$4="",$C12="",$D12="",N($E12)=0),"",$E12*MAX(0,MIN($D12+1,EDATE(M$4,1))-MAX($C12,M$4))/MAX(1,$D12+1-$C12)) -> 4.0701947 | ... BY12: =IF(OR(BY$4="",$C12="",$D12="",N($E12)=0),"",$E12*MAX(0,MIN($D12+1,EDATE(BY$4,1))-MAX($C12,BY$4))/MAX(1,$D12+1-$C12))
A13: =IF(BOE!$A14="","",BOE!$A14) -> 108 | B13: =IF(BOE!$A14="","",BOE!$C14) -> Hazardous Materials Management Plan (HMMP) | C13: =IF(BOE!$O14="","",BOE!$O14) -> 46391 | D13: =IF(BOE!$P14="","",BOE!$P14) -> 46695 | E13: =IF(Inputs!$B$7="P90",BOE!$T14,BOE!$R14) -> 200 | F13: =IF(OR(F$4="",$C13="",$D13="",N($E13)=0),"",$E13*MAX(0,MIN($D13+1,EDATE(F$4,1))-MAX($C13,F$4))/MAX(1,$D13+1-$C13)) -> 20.327869 | G13: =IF(OR(G$4="",$C13="",$D13="",N($E13)=0),"",$E13*MAX(0,MIN($D13+1,EDATE(G$4,1))-MAX($C13,G$4))/MAX(1,$D13+1-$C13)) -> 18.360656 | H13: =IF(OR(H$4="",$C13="",$D13="",N($E13)=0),"",$E13*MAX(0,MIN($D13+1,EDATE(H$4,1))-MAX($C13,H$4))/MAX(1,$D13+1-$C13)) -> 20.327869 | I13: =IF(OR(I$4="",$C13="",$D13="",N($E13)=0),"",$E13*MAX(0,MIN($D13+1,EDATE(I$4,1))-MAX($C13,I$4))/MAX(1,$D13+1-$C13)) -> 19.672131 | J13: =IF(OR(J$4="",$C13="",$D13="",N($E13)=0),"",$E13*MAX(0,MIN($D13+1,EDATE(J$4,1))-MAX($C13,J$4))/MAX(1,$D13+1-$C13)) -> 20.327869 | K13: =IF(OR(K$4="",$C13="",$D13="",N($E13)=0),"",$E13*MAX(0,MIN($D13+1,EDATE(K$4,1))-MAX($C13,K$4))/MAX(1,$D13+1-$C13)) -> 19.672131 | L13: =IF(OR(L$4="",$C13="",$D13="",N($E13)=0),"",$E13*MAX(0,MIN($D13+1,EDATE(L$4,1))-MAX($C13,L$4))/MAX(1,$D13+1-$C13)) -> 20.327869 | M13: =IF(OR(M$4="",$C13="",$D13="",N($E13)=0),"",$E13*MAX(0,MIN($D13+1,EDATE(M$4,1))-MAX($C13,M$4))/MAX(1,$D13+1-$C13)) -> 20.327869 | ... BY13: =IF(OR(BY$4="",$C13="",$D13="",N($E13)=0),"",$E13*MAX(0,MIN($D13+1,EDATE(BY$4,1))-MAX($C13,BY$4))/MAX(1,$D13+1-$C13))
A14: =IF(BOE!$A15="","",BOE!$A15) -> 201 | B14: =IF(BOE!$A15="","",BOE!$C15) -> Preliminary Hazard List (PHL) | C14: =IF(BOE!$O15="","",BOE!$O15) -> 46391 | D14: =IF(BOE!$P15="","",BOE!$P15) -> 46481 | E14: =IF(Inputs!$B$7="P90",BOE!$T15,BOE!$R15) -> 160 | F14: =IF(OR(F$4="",$C14="",$D14="",N($E14)=0),"",$E14*MAX(0,MIN($D14+1,EDATE(F$4,1))-MAX($C14,F$4))/MAX(1,$D14+1-$C14)) -> 54.505495 | G14: =IF(OR(G$4="",$C14="",$D14="",N($E14)=0),"",$E14*MAX(0,MIN($D14+1,EDATE(G$4,1))-MAX($C14,G$4))/MAX(1,$D14+1-$C14)) -> 49.230769 | H14: =IF(OR(H$4="",$C14="",$D14="",N($E14)=0),"",$E14*MAX(0,MIN($D14+1,EDATE(H$4,1))-MAX($C14,H$4))/MAX(1,$D14+1-$C14)) -> 54.505495 | I14: =IF(OR(I$4="",$C14="",$D14="",N($E14)=0),"",$E14*MAX(0,MIN($D14+1,EDATE(I$4,1))-MAX($C14,I$4))/MAX(1,$D14+1-$C14)) -> 1.7582418 | J14: =IF(OR(J$4="",$C14="",$D14="",N($E14)=0),"",$E14*MAX(0,MIN($D14+1,EDATE(J$4,1))-MAX($C14,J$4))/MAX(1,$D14+1-$C14)) -> 0 | K14: =IF(OR(K$4="",$C14="",$D14="",N($E14)=0),"",$E14*MAX(0,MIN($D14+1,EDATE(K$4,1))-MAX($C14,K$4))/MAX(1,$D14+1-$C14)) -> 0 | L14: =IF(OR(L$4="",$C14="",$D14="",N($E14)=0),"",$E14*MAX(0,MIN($D14+1,EDATE(L$4,1))-MAX($C14,L$4))/MAX(1,$D14+1-$C14)) -> 0 | M14: =IF(OR(M$4="",$C14="",$D14="",N($E14)=0),"",$E14*MAX(0,MIN($D14+1,EDATE(M$4,1))-MAX($C14,M$4))/MAX(1,$D14+1-$C14)) -> 0 | ... BY14: =IF(OR(BY$4="",$C14="",$D14="",N($E14)=0),"",$E14*MAX(0,MIN($D14+1,EDATE(BY$4,1))-MAX($C14,BY$4))/MAX(1,$D14+1-$C14))
A15: =IF(BOE!$A16="","",BOE!$A16) -> 202 | B15: =IF(BOE!$A16="","",BOE!$C16) -> Preliminary Hazard Analysis (PHA) | C15: =IF(BOE!$O16="","",BOE!$O16) -> 46481 | D15: =IF(BOE!$P16="","",BOE!$P16) -> 46600 | E15: =IF(Inputs!$B$7="P90",BOE!$T16,BOE!$R16) -> 480 | F15: =IF(OR(F$4="",$C15="",$D15="",N($E15)=0),"",$E15*MAX(0,MIN($D15+1,EDATE(F$4,1))-MAX($C15,F$4))/MAX(1,$D15+1-$C15)) -> 0 | G15: =IF(OR(G$4="",$C15="",$D15="",N($E15)=0),"",$E15*MAX(0,MIN($D15+1,EDATE(G$4,1))-MAX($C15,G$4))/MAX(1,$D15+1-$C15)) -> 0 | H15: =IF(OR(H$4="",$C15="",$D15="",N($E15)=0),"",$E15*MAX(0,MIN($D15+1,EDATE(H$4,1))-MAX($C15,H$4))/MAX(1,$D15+1-$C15)) -> 0 | I15: =IF(OR(I$4="",$C15="",$D15="",N($E15)=0),"",$E15*MAX(0,MIN($D15+1,EDATE(I$4,1))-MAX($C15,I$4))/MAX(1,$D15+1-$C15)) -> 120 | J15: =IF(OR(J$4="",$C15="",$D15="",N($E15)=0),"",$E15*MAX(0,MIN($D15+1,EDATE(J$4,1))-MAX($C15,J$4))/MAX(1,$D15+1-$C15)) -> 124 | K15: =IF(OR(K$4="",$C15="",$D15="",N($E15)=0),"",$E15*MAX(0,MIN($D15+1,EDATE(K$4,1))-MAX($C15,K$4))/MAX(1,$D15+1-$C15)) -> 120 | L15: =IF(OR(L$4="",$C15="",$D15="",N($E15)=0),"",$E15*MAX(0,MIN($D15+1,EDATE(L$4,1))-MAX($C15,L$4))/MAX(1,$D15+1-$C15)) -> 116 | M15: =IF(OR(M$4="",$C15="",$D15="",N($E15)=0),"",$E15*MAX(0,MIN($D15+1,EDATE(M$4,1))-MAX($C15,M$4))/MAX(1,$D15+1-$C15)) -> 0 | ... BY15: =IF(OR(BY$4="",$C15="",$D15="",N($E15)=0),"",$E15*MAX(0,MIN($D15+1,EDATE(BY$4,1))-MAX($C15,BY$4))/MAX(1,$D15+1-$C15))
A16: =IF(BOE!$A17="","",BOE!$A17) -> 203 | B16: =IF(BOE!$A17="","",BOE!$C17) -> System Requirements Hazard Analysis (SRHA) | C16: =IF(BOE!$O17="","",BOE!$O17) -> 46481 | D16: =IF(BOE!$P17="","",BOE!$P17) -> 46877 | E16: =IF(Inputs!$B$7="P90",BOE!$T17,BOE!$R17) -> 520 | F16: =IF(OR(F$4="",$C16="",$D16="",N($E16)=0),"",$E16*MAX(0,MIN($D16+1,EDATE(F$4,1))-MAX($C16,F$4))/MAX(1,$D16+1-$C16)) -> 0 | G16: =IF(OR(G$4="",$C16="",$D16="",N($E16)=0),"",$E16*MAX(0,MIN($D16+1,EDATE(G$4,1))-MAX($C16,G$4))/MAX(1,$D16+1-$C16)) -> 0 | H16: =IF(OR(H$4="",$C16="",$D16="",N($E16)=0),"",$E16*MAX(0,MIN($D16+1,EDATE(H$4,1))-MAX($C16,H$4))/MAX(1,$D16+1-$C16)) -> 0 | I16: =IF(OR(I$4="",$C16="",$D16="",N($E16)=0),"",$E16*MAX(0,MIN($D16+1,EDATE(I$4,1))-MAX($C16,I$4))/MAX(1,$D16+1-$C16)) -> 39.29471 | J16: =IF(OR(J$4="",$C16="",$D16="",N($E16)=0),"",$E16*MAX(0,MIN($D16+1,EDATE(J$4,1))-MAX($C16,J$4))/MAX(1,$D16+1-$C16)) -> 40.604534 | K16: =IF(OR(K$4="",$C16="",$D16="",N($E16)=0),"",$E16*MAX(0,MIN($D16+1,EDATE(K$4,1))-MAX($C16,K$4))/MAX(1,$D16+1-$C16)) -> 39.29471 | L16: =IF(OR(L$4="",$C16="",$D16="",N($E16)=0),"",$E16*MAX(0,MIN($D16+1,EDATE(L$4,1))-MAX($C16,L$4))/MAX(1,$D16+1-$C16)) -> 40.604534 | M16: =IF(OR(M$4="",$C16="",$D16="",N($E16)=0),"",$E16*MAX(0,MIN($D16+1,EDATE(M$4,1))-MAX($C16,M$4))/MAX(1,$D16+1-$C16)) -> 40.604534 | ... BY16: =IF(OR(BY$4="",$C16="",$D16="",N($E16)=0),"",$E16*MAX(0,MIN($D16+1,EDATE(BY$4,1))-MAX($C16,BY$4))/MAX(1,$D16+1-$C16))
... A59: =IF(BOE!$A60="","",BOE!$A60) | B59: =IF(BOE!$A60="","",BOE!$C60) | C59: =IF(BOE!$O60="","",BOE!$O60) | D59: =IF(BOE!$P60="","",BOE!$P60) | E59: =IF(Inputs!$B$7="P90",BOE!$T60,BOE!$R60) -> 0 | F59: =IF(OR(F$4="",$C59="",$D59="",N($E59)=0),"",$E59*MAX(0,MIN($D59+1,EDATE(F$4,1))-MAX($C59,F$4))/MAX(1,$D59+1-$C59)) | G59: =IF(OR(G$4="",$C59="",$D59="",N($E59)=0),"",$E59*MAX(0,MIN($D59+1,EDATE(G$4,1))-MAX($C59,G$4))/MAX(1,$D59+1-$C59)) | H59: =IF(OR(H$4="",$C59="",$D59="",N($E59)=0),"",$E59*MAX(0,MIN($D59+1,EDATE(H$4,1))-MAX($C59,H$4))/MAX(1,$D59+1-$C59)) | I59: =IF(OR(I$4="",$C59="",$D59="",N($E59)=0),"",$E59*MAX(0,MIN($D59+1,EDATE(I$4,1))-MAX($C59,I$4))/MAX(1,$D59+1-$C59)) | J59: =IF(OR(J$4="",$C59="",$D59="",N($E59)=0),"",$E59*MAX(0,MIN($D59+1,EDATE(J$4,1))-MAX($C59,J$4))/MAX(1,$D59+1-$C59)) | K59: =IF(OR(K$4="",$C59="",$D59="",N($E59)=0),"",$E59*MAX(0,MIN($D59+1,EDATE(K$4,1))-MAX($C59,K$4))/MAX(1,$D59+1-$C59)) | L59: =IF(OR(L$4="",$C59="",$D59="",N($E59)=0),"",$E59*MAX(0,MIN($D59+1,EDATE(L$4,1))-MAX($C59,L$4))/MAX(1,$D59+1-$C59)) | M59: =IF(OR(M$4="",$C59="",$D59="",N($E59)=0),"",$E59*MAX(0,MIN($D59+1,EDATE(M$4,1))-MAX($C59,M$4))/MAX(1,$D59+1-$C59)) | ... BY59: =IF(OR(BY$4="",$C59="",$D59="",N($E59)=0),"",$E59*MAX(0,MIN($D59+1,EDATE(BY$4,1))-MAX($C59,BY$4))/MAX(1,$D59+1-$C59))
B61: Total hours / month | E61: =SUM(E5:E59) -> 11953.199 | F61: =IF(F$4="","",SUM(F5:F59)) -> 275.60091 | G61: =IF(G$4="","",SUM(G5:G59)) -> 254.07605 | H61: =IF(H$4="","",SUM(H5:H59)) -> 296.62177 | I61: =IF(I$4="","",SUM(I5:I59)) -> 336.25036 | J61: =IF(J$4="","",SUM(J5:J59)) -> 340.64552 | K61: =IF(K$4="","",SUM(K5:K59)) -> 329.65695 | L61: =IF(L$4="","",SUM(L5:L59)) -> 332.64552 | M61: =IF(M$4="","",SUM(M5:M59)) -> 216.64552 | ... BY61: =IF(BY$4="","",SUM(BY5:BY59))
B62: FTE load (hours ÷ hours per FTE-month) | F62: =IF(F$4="","",F61/Inputs!$B$6) -> 1.7666725 | G62: =IF(G$4="","",G61/Inputs!$B$6) -> 1.6286926 | H62: =IF(H$4="","",H61/Inputs!$B$6) -> 1.9014216 | I62: =IF(I$4="","",I61/Inputs!$B$6) -> 2.155451 | J62: =IF(J$4="","",J61/Inputs!$B$6) -> 2.1836251 | K62: =IF(K$4="","",K61/Inputs!$B$6) -> 2.1131856 | L62: =IF(L$4="","",L61/Inputs!$B$6) -> 2.1323431 | M62: =IF(M$4="","",M61/Inputs!$B$6) -> 1.3887533 | ... BY62: =IF(BY$4="","",BY61/Inputs!$B$6)
B63: Cumulative hours | F63: =IF(F$4="","",0+N(F61)) -> 275.60091 | G63: =IF(G$4="","",N(F63)+N(G61)) -> 529.67696 | H63: =IF(H$4="","",N(G63)+N(H61)) -> 826.29873 | I63: =IF(I$4="","",N(H63)+N(I61)) -> 1162.5491 | J63: =IF(J$4="","",N(I63)+N(J61)) -> 1503.1946 | K63: =IF(K$4="","",N(J63)+N(K61)) -> 1832.8516 | L63: =IF(L$4="","",N(K63)+N(L61)) -> 2165.4971 | M63: =IF(M$4="","",N(L63)+N(M61)) -> 2382.1426 | N63: =IF(N$4="","",N(M63)+N(N61)) -> 2591.7996 | ... BY63: =IF(BY$4="","",N(BX63)+N(BY61))

Sheet Timeline
A1: Program Timeline — milestones and 882E task windows (generated; do not type here)
A2: ="Program: "&TEXT(Inputs!$B$4,"yyyy-mm-dd")&" to "&TEXT(Inputs!$B$5,"yyyy-mm-dd")&" | Bars = task windows, ◆ = milestone" -> Program: 2027-01-04 to 2029-12-31 | Bars = task windows, ◆ = milestone
F3: =Phasing!F3 -> 1 | G3: =Phasing!G3 -> 2 | H3: =Phasing!H3 -> 3 | I3: =Phasing!I3 -> 4 | J3: =Phasing!J3 -> 5 | K3: =Phasing!K3 -> 6 | L3: =Phasing!L3 -> 7 | M3: =Phasing!M3 -> 8 | ... BY3: =Phasing!BY3
A4: Task | B4: Name | C4: Start | D4: End | E4: Hours | F4: =Phasing!F4 -> 46391 | G4: =Phasing!G4 -> 46422 | H4: =Phasing!H4 -> 46450 | I4: =Phasing!I4 -> 46481 | J4: =Phasing!J4 -> 46511 | K4: =Phasing!K4 -> 46542 | L4: =Phasing!L4 -> 46572 | M4: =Phasing!M4 -> 46603 | ... BY4: =Phasing!BY4
A5: MILESTONES
B6: =IF(Milestones!$B5="","",Milestones!$B5) -> Program Start | C6: =IF(Milestones!$E5="","",Milestones!$E5) -> 46391 | F6: =IF(OR(F$4="",$C6=""),"",IF(AND($C6>=F$4,$C6<EDATE(F$4,1)),"◆","")) -> ◆ | G6: =IF(OR(G$4="",$C6=""),"",IF(AND($C6>=G$4,$C6<EDATE(G$4,1)),"◆","")) | H6: =IF(OR(H$4="",$C6=""),"",IF(AND($C6>=H$4,$C6<EDATE(H$4,1)),"◆","")) | I6: =IF(OR(I$4="",$C6=""),"",IF(AND($C6>=I$4,$C6<EDATE(I$4,1)),"◆","")) | J6: =IF(OR(J$4="",$C6=""),"",IF(AND($C6>=J$4,$C6<EDATE(J$4,1)),"◆","")) | K6: =IF(OR(K$4="",$C6=""),"",IF(AND($C6>=K$4,$C6<EDATE(K$4,1)),"◆","")) | L6: =IF(OR(L$4="",$C6=""),"",IF(AND($C6>=L$4,$C6<EDATE(L$4,1)),"◆","")) | M6: =IF(OR(M$4="",$C6=""),"",IF(AND($C6>=M$4,$C6<EDATE(M$4,1)),"◆","")) | ... BY6: =IF(OR(BY$4="",$C6=""),"",IF(AND($C6>=BY$4,$C6<EDATE(BY$4,1)),"◆",""))
B7: =IF(Milestones!$B6="","",Milestones!$B6) -> SRR | C7: =IF(Milestones!$E6="","",Milestones!$E6) -> 46481 | F7: =IF(OR(F$4="",$C7=""),"",IF(AND($C7>=F$4,$C7<EDATE(F$4,1)),"◆","")) | G7: =IF(OR(G$4="",$C7=""),"",IF(AND($C7>=G$4,$C7<EDATE(G$4,1)),"◆","")) | H7: =IF(OR(H$4="",$C7=""),"",IF(AND($C7>=H$4,$C7<EDATE(H$4,1)),"◆","")) | I7: =IF(OR(I$4="",$C7=""),"",IF(AND($C7>=I$4,$C7<EDATE(I$4,1)),"◆","")) -> ◆ | J7: =IF(OR(J$4="",$C7=""),"",IF(AND($C7>=J$4,$C7<EDATE(J$4,1)),"◆","")) | K7: =IF(OR(K$4="",$C7=""),"",IF(AND($C7>=K$4,$C7<EDATE(K$4,1)),"◆","")) | L7: =IF(OR(L$4="",$C7=""),"",IF(AND($C7>=L$4,$C7<EDATE(L$4,1)),"◆","")) | M7: =IF(OR(M$4="",$C7=""),"",IF(AND($C7>=M$4,$C7<EDATE(M$4,1)),"◆","")) | ... BY7: =IF(OR(BY$4="",$C7=""),"",IF(AND($C7>=BY$4,$C7<EDATE(BY$4,1)),"◆",""))
B8: =IF(Milestones!$B7="","",Milestones!$B7) -> SFR | C8: =IF(Milestones!$E7="","",Milestones!$E7) -> 46572 | F8: =IF(OR(F$4="",$C8=""),"",IF(AND($C8>=F$4,$C8<EDATE(F$4,1)),"◆","")) | G8: =IF(OR(G$4="",$C8=""),"",IF(AND($C8>=G$4,$C8<EDATE(G$4,1)),"◆","")) | H8: =IF(OR(H$4="",$C8=""),"",IF(AND($C8>=H$4,$C8<EDATE(H$4,1)),"◆","")) | I8: =IF(OR(I$4="",$C8=""),"",IF(AND($C8>=I$4,$C8<EDATE(I$4,1)),"◆","")) | J8: =IF(OR(J$4="",$C8=""),"",IF(AND($C8>=J$4,$C8<EDATE(J$4,1)),"◆","")) | K8: =IF(OR(K$4="",$C8=""),"",IF(AND($C8>=K$4,$C8<EDATE(K$4,1)),"◆","")) | L8: =IF(OR(L$4="",$C8=""),"",IF(AND($C8>=L$4,$C8<EDATE(L$4,1)),"◆","")) -> ◆ | M8: =IF(OR(M$4="",$C8=""),"",IF(AND($C8>=M$4,$C8<EDATE(M$4,1)),"◆","")) | ... BY8: =IF(OR(BY$4="",$C8=""),"",IF(AND($C8>=BY$4,$C8<EDATE(BY$4,1)),"◆",""))
B9: =IF(Milestones!$B8="","",Milestones!$B8) -> PDR | C9: =IF(Milestones!$E8="","",Milestones!$E8) -> 46695 | F9: =IF(OR(F$4="",$C9=""),"",IF(AND($C9>=F$4,$C9<EDATE(F$4,1)),"◆","")) | G9: =IF(OR(G$4="",$C9=""),"",IF(AND($C9>=G$4,$C9<EDATE(G$4,1)),"◆","")) | H9: =IF(OR(H$4="",$C9=""),"",IF(AND($C9>=H$4,$C9<EDATE(H$4,1)),"◆","")) | I9: =IF(OR(I$4="",$C9=""),"",IF(AND($C9>=I$4,$C9<EDATE(I$4,1)),"◆","")) | J9: =IF(OR(J$4="",$C9=""),"",IF(AND($C9>=J$4,$C9<EDATE(J$4,1)),"◆","")) | K9: =IF(OR(K$4="",$C9=""),"",IF(AND($C9>=K$4,$C9<EDATE(K$4,1)),"◆","")) | L9: =IF(OR(L$4="",$C9=""),"",IF(AND($C9>=L$4,$C9<EDATE(L$4,1)),"◆","")) | M9: =IF(OR(M$4="",$C9=""),"",IF(AND($C9>=M$4,$C9<EDATE(M$4,1)),"◆","")) | ... BY9: =IF(OR(BY$4="",$C9=""),"",IF(AND($C9>=BY$4,$C9<EDATE(BY$4,1)),"◆",""))
B10: =IF(Milestones!$B9="","",Milestones!$B9) -> CDR | C10: =IF(Milestones!$E9="","",Milestones!$E9) -> 46877 | F10: =IF(OR(F$4="",$C10=""),"",IF(AND($C10>=F$4,$C10<EDATE(F$4,1)),"◆","")) | G10: =IF(OR(G$4="",$C10=""),"",IF(AND($C10>=G$4,$C10<EDATE(G$4,1)),"◆","")) | H10: =IF(OR(H$4="",$C10=""),"",IF(AND($C10>=H$4,$C10<EDATE(H$4,1)),"◆","")) | I10: =IF(OR(I$4="",$C10=""),"",IF(AND($C10>=I$4,$C10<EDATE(I$4,1)),"◆","")) | J10: =IF(OR(J$4="",$C10=""),"",IF(AND($C10>=J$4,$C10<EDATE(J$4,1)),"◆","")) | K10: =IF(OR(K$4="",$C10=""),"",IF(AND($C10>=K$4,$C10<EDATE(K$4,1)),"◆","")) | L10: =IF(OR(L$4="",$C10=""),"",IF(AND($C10>=L$4,$C10<EDATE(L$4,1)),"◆","")) | M10: =IF(OR(M$4="",$C10=""),"",IF(AND($C10>=M$4,$C10<EDATE(M$4,1)),"◆","")) | ... BY10: =IF(OR(BY$4="",$C10=""),"",IF(AND($C10>=BY$4,$C10<EDATE(BY$4,1)),"◆",""))
B11: =IF(Milestones!$B10="","",Milestones!$B10) -> TRR | C11: =IF(Milestones!$E10="","",Milestones!$E10) -> 47122 | F11: =IF(OR(F$4="",$C11=""),"",IF(AND($C11>=F$4,$C11<EDATE(F$4,1)),"◆","")) | G11: =IF(OR(G$4="",$C11=""),"",IF(AND($C11>=G$4,$C11<EDATE(G$4,1)),"◆","")) | H11: =IF(OR(H$4="",$C11=""),"",IF(AND($C11>=H$4,$C11<EDATE(H$4,1)),"◆","")) | I11: =IF(OR(I$4="",$C11=""),"",IF(AND($C11>=I$4,$C11<EDATE(I$4,1)),"◆","")) | J11: =IF(OR(J$4="",$C11=""),"",IF(AND($C11>=J$4,$C11<EDATE(J$4,1)),"◆","")) | K11: =IF(OR(K$4="",$C11=""),"",IF(AND($C11>=K$4,$C11<EDATE(K$4,1)),"◆","")) | L11: =IF(OR(L$4="",$C11=""),"",IF(AND($C11>=L$4,$C11<EDATE(L$4,1)),"◆","")) | M11: =IF(OR(M$4="",$C11=""),"",IF(AND($C11>=M$4,$C11<EDATE(M$4,1)),"◆","")) | ... BY11: =IF(OR(BY$4="",$C11=""),"",IF(AND($C11>=BY$4,$C11<EDATE(BY$4,1)),"◆",""))
B12: =IF(Milestones!$B11="","",Milestones!$B11) -> Test Start | C12: =IF(Milestones!$E11="","",Milestones!$E11) -> 47153 | F12: =IF(OR(F$4="",$C12=""),"",IF(AND($C12>=F$4,$C12<EDATE(F$4,1)),"◆","")) | G12: =IF(OR(G$4="",$C12=""),"",IF(AND($C12>=G$4,$C12<EDATE(G$4,1)),"◆","")) | H12: =IF(OR(H$4="",$C12=""),"",IF(AND($C12>=H$4,$C12<EDATE(H$4,1)),"◆","")) | I12: =IF(OR(I$4="",$C12=""),"",IF(AND($C12>=I$4,$C12<EDATE(I$4,1)),"◆","")) | J12: =IF(OR(J$4="",$C12=""),"",IF(AND($C12>=J$4,$C12<EDATE(J$4,1)),"◆","")) | K12: =IF(OR(K$4="",$C12=""),"",IF(AND($C12>=K$4,$C12<EDATE(K$4,1)),"◆","")) | L12: =IF(OR(L$4="",$C12=""),"",IF(AND($C12>=L$4,$C12<EDATE(L$4,1)),"◆","")) | M12: =IF(OR(M$4="",$C12=""),"",IF(AND($C12>=M$4,$C12<EDATE(M$4,1)),"◆","")) | ... BY12: =IF(OR(BY$4="",$C12=""),"",IF(AND($C12>=BY$4,$C12<EDATE(BY$4,1)),"◆",""))
B13: =IF(Milestones!$B12="","",Milestones!$B12) -> Test Complete | C13: =IF(Milestones!$E12="","",Milestones!$E12) -> 47334 | F13: =IF(OR(F$4="",$C13=""),"",IF(AND($C13>=F$4,$C13<EDATE(F$4,1)),"◆","")) | G13: =IF(OR(G$4="",$C13=""),"",IF(AND($C13>=G$4,$C13<EDATE(G$4,1)),"◆","")) | H13: =IF(OR(H$4="",$C13=""),"",IF(AND($C13>=H$4,$C13<EDATE(H$4,1)),"◆","")) | I13: =IF(OR(I$4="",$C13=""),"",IF(AND($C13>=I$4,$C13<EDATE(I$4,1)),"◆","")) | J13: =IF(OR(J$4="",$C13=""),"",IF(AND($C13>=J$4,$C13<EDATE(J$4,1)),"◆","")) | K13: =IF(OR(K$4="",$C13=""),"",IF(AND($C13>=K$4,$C13<EDATE(K$4,1)),"◆","")) | L13: =IF(OR(L$4="",$C13=""),"",IF(AND($C13>=L$4,$C13<EDATE(L$4,1)),"◆","")) | M13: =IF(OR(M$4="",$C13=""),"",IF(AND($C13>=M$4,$C13<EDATE(M$4,1)),"◆","")) | ... BY13: =IF(OR(BY$4="",$C13=""),"",IF(AND($C13>=BY$4,$C13<EDATE(BY$4,1)),"◆",""))
B14: =IF(Milestones!$B13="","",Milestones!$B13) -> SAR Submittal | C14: =IF(Milestones!$E13="","",Milestones!$E13) -> 47395 | F14: =IF(OR(F$4="",$C14=""),"",IF(AND($C14>=F$4,$C14<EDATE(F$4,1)),"◆","")) | G14: =IF(OR(G$4="",$C14=""),"",IF(AND($C14>=G$4,$C14<EDATE(G$4,1)),"◆","")) | H14: =IF(OR(H$4="",$C14=""),"",IF(AND($C14>=H$4,$C14<EDATE(H$4,1)),"◆","")) | I14: =IF(OR(I$4="",$C14=""),"",IF(AND($C14>=I$4,$C14<EDATE(I$4,1)),"◆","")) | J14: =IF(OR(J$4="",$C14=""),"",IF(AND($C14>=J$4,$C14<EDATE(J$4,1)),"◆","")) | K14: =IF(OR(K$4="",$C14=""),"",IF(AND($C14>=K$4,$C14<EDATE(K$4,1)),"◆","")) | L14: =IF(OR(L$4="",$C14=""),"",IF(AND($C14>=L$4,$C14<EDATE(L$4,1)),"◆","")) | M14: =IF(OR(M$4="",$C14=""),"",IF(AND($C14>=M$4,$C14<EDATE(M$4,1)),"◆","")) | ... BY14: =IF(OR(BY$4="",$C14=""),"",IF(AND($C14>=BY$4,$C14<EDATE(BY$4,1)),"◆",""))
B15: =IF(Milestones!$B14="","",Milestones!$B14) -> Program End | C15: =IF(Milestones!$E14="","",Milestones!$E14) -> 47483 | F15: =IF(OR(F$4="",$C15=""),"",IF(AND($C15>=F$4,$C15<EDATE(F$4,1)),"◆","")) | G15: =IF(OR(G$4="",$C15=""),"",IF(AND($C15>=G$4,$C15<EDATE(G$4,1)),"◆","")) | H15: =IF(OR(H$4="",$C15=""),"",IF(AND($C15>=H$4,$C15<EDATE(H$4,1)),"◆","")) | I15: =IF(OR(I$4="",$C15=""),"",IF(AND($C15>=I$4,$C15<EDATE(I$4,1)),"◆","")) | J15: =IF(OR(J$4="",$C15=""),"",IF(AND($C15>=J$4,$C15<EDATE(J$4,1)),"◆","")) | K15: =IF(OR(K$4="",$C15=""),"",IF(AND($C15>=K$4,$C15<EDATE(K$4,1)),"◆","")) | L15: =IF(OR(L$4="",$C15=""),"",IF(AND($C15>=L$4,$C15<EDATE(L$4,1)),"◆","")) | M15: =IF(OR(M$4="",$C15=""),"",IF(AND($C15>=M$4,$C15<EDATE(M$4,1)),"◆","")) | ... BY15: =IF(OR(BY$4="",$C15=""),"",IF(AND($C15>=BY$4,$C15<EDATE(BY$4,1)),"◆",""))
B16: =IF(Milestones!$B15="","",Milestones!$B15) | C16: =IF(Milestones!$E15="","",Milestones!$E15) | F16: =IF(OR(F$4="",$C16=""),"",IF(AND($C16>=F$4,$C16<EDATE(F$4,1)),"◆","")) | G16: =IF(OR(G$4="",$C16=""),"",IF(AND($C16>=G$4,$C16<EDATE(G$4,1)),"◆","")) | H16: =IF(OR(H$4="",$C16=""),"",IF(AND($C16>=H$4,$C16<EDATE(H$4,1)),"◆","")) | I16: =IF(OR(I$4="",$C16=""),"",IF(AND($C16>=I$4,$C16<EDATE(I$4,1)),"◆","")) | J16: =IF(OR(J$4="",$C16=""),"",IF(AND($C16>=J$4,$C16<EDATE(J$4,1)),"◆","")) | K16: =IF(OR(K$4="",$C16=""),"",IF(AND($C16>=K$4,$C16<EDATE(K$4,1)),"◆","")) | L16: =IF(OR(L$4="",$C16=""),"",IF(AND($C16>=L$4,$C16<EDATE(L$4,1)),"◆","")) | M16: =IF(OR(M$4="",$C16=""),"",IF(AND($C16>=M$4,$C16<EDATE(M$4,1)),"◆","")) | ... BY16: =IF(OR(BY$4="",$C16=""),"",IF(AND($C16>=BY$4,$C16<EDATE(BY$4,1)),"◆",""))
B17: =IF(Milestones!$B16="","",Milestones!$B16) | C17: =IF(Milestones!$E16="","",Milestones!$E16) | F17: =IF(OR(F$4="",$C17=""),"",IF(AND($C17>=F$4,$C17<EDATE(F$4,1)),"◆","")) | G17: =IF(OR(G$4="",$C17=""),"",IF(AND($C17>=G$4,$C17<EDATE(G$4,1)),"◆","")) | H17: =IF(OR(H$4="",$C17=""),"",IF(AND($C17>=H$4,$C17<EDATE(H$4,1)),"◆","")) | I17: =IF(OR(I$4="",$C17=""),"",IF(AND($C17>=I$4,$C17<EDATE(I$4,1)),"◆","")) | J17: =IF(OR(J$4="",$C17=""),"",IF(AND($C17>=J$4,$C17<EDATE(J$4,1)),"◆","")) | K17: =IF(OR(K$4="",$C17=""),"",IF(AND($C17>=K$4,$C17<EDATE(K$4,1)),"◆","")) | L17: =IF(OR(L$4="",$C17=""),"",IF(AND($C17>=L$4,$C17<EDATE(L$4,1)),"◆","")) | M17: =IF(OR(M$4="",$C17=""),"",IF(AND($C17>=M$4,$C17<EDATE(M$4,1)),"◆","")) | ... BY17: =IF(OR(BY$4="",$C17=""),"",IF(AND($C17>=BY$4,$C17<EDATE(BY$4,1)),"◆",""))
... B35: =IF(Milestones!$B34="","",Milestones!$B34) | C35: =IF(Milestones!$E34="","",Milestones!$E34) | F35: =IF(OR(F$4="",$C35=""),"",IF(AND($C35>=F$4,$C35<EDATE(F$4,1)),"◆","")) | G35: =IF(OR(G$4="",$C35=""),"",IF(AND($C35>=G$4,$C35<EDATE(G$4,1)),"◆","")) | H35: =IF(OR(H$4="",$C35=""),"",IF(AND($C35>=H$4,$C35<EDATE(H$4,1)),"◆","")) | I35: =IF(OR(I$4="",$C35=""),"",IF(AND($C35>=I$4,$C35<EDATE(I$4,1)),"◆","")) | J35: =IF(OR(J$4="",$C35=""),"",IF(AND($C35>=J$4,$C35<EDATE(J$4,1)),"◆","")) | K35: =IF(OR(K$4="",$C35=""),"",IF(AND($C35>=K$4,$C35<EDATE(K$4,1)),"◆","")) | L35: =IF(OR(L$4="",$C35=""),"",IF(AND($C35>=L$4,$C35<EDATE(L$4,1)),"◆","")) | M35: =IF(OR(M$4="",$C35=""),"",IF(AND($C35>=M$4,$C35<EDATE(M$4,1)),"◆","")) | ... BY35: =IF(OR(BY$4="",$C35=""),"",IF(AND($C35>=BY$4,$C35<EDATE(BY$4,1)),"◆",""))
A36: TASKS
A37: =IF(BOE!$A6="","",BOE!$A6) -> 101 | B37: =IF(BOE!$A6="","",BOE!$C6) -> Hazard identification & mitigation effort using the system safety methodology (program execution) | C37: =IF(OR(BOE!$A6="",BOE!$E6<>"Y"),"",BOE!$O6) -> 46391 | D37: =IF(OR(BOE!$A6="",BOE!$E6<>"Y"),"",BOE!$P6) -> 47483 | E37: =IF(OR(BOE!$A6="",BOE!$E6<>"Y"),"",IF(Inputs!$B$7="P90",BOE!$T6,BOE!$R6)) -> 717.53593 | F37: =IF(OR(F$4="",$C37="",$D37=""),"",IF(AND($C37<EDATE(F$4,1),$D37>=F$4),1,"")) -> 1 | G37: =IF(OR(G$4="",$C37="",$D37=""),"",IF(AND($C37<EDATE(G$4,1),$D37>=G$4),1,"")) -> 1 | H37: =IF(OR(H$4="",$C37="",$D37=""),"",IF(AND($C37<EDATE(H$4,1),$D37>=H$4),1,"")) -> 1 | I37: =IF(OR(I$4="",$C37="",$D37=""),"",IF(AND($C37<EDATE(I$4,1),$D37>=I$4),1,"")) -> 1 | J37: =IF(OR(J$4="",$C37="",$D37=""),"",IF(AND($C37<EDATE(J$4,1),$D37>=J$4),1,"")) -> 1 | K37: =IF(OR(K$4="",$C37="",$D37=""),"",IF(AND($C37<EDATE(K$4,1),$D37>=K$4),1,"")) -> 1 | L37: =IF(OR(L$4="",$C37="",$D37=""),"",IF(AND($C37<EDATE(L$4,1),$D37>=L$4),1,"")) -> 1 | M37: =IF(OR(M$4="",$C37="",$D37=""),"",IF(AND($C37<EDATE(M$4,1),$D37>=M$4),1,"")) -> 1 | ... BY37: =IF(OR(BY$4="",$C37="",$D37=""),"",IF(AND($C37<EDATE(BY$4,1),$D37>=BY$4),1,""))
A38: =IF(BOE!$A7="","",BOE!$A7) -> 102 | B38: =IF(BOE!$A7="","",BOE!$C7) -> System Safety Program Plan (SSPP) | C38: =IF(OR(BOE!$A7="",BOE!$E7<>"Y"),"",BOE!$O7) -> 46391 | D38: =IF(OR(BOE!$A7="",BOE!$E7<>"Y"),"",BOE!$P7) -> 46481 | E38: =IF(OR(BOE!$A7="",BOE!$E7<>"Y"),"",IF(Inputs!$B$7="P90",BOE!$T7,BOE!$R7)) -> 320 | F38: =IF(OR(F$4="",$C38="",$D38=""),"",IF(AND($C38<EDATE(F$4,1),$D38>=F$4),1,"")) -> 1 | G38: =IF(OR(G$4="",$C38="",$D38=""),"",IF(AND($C38<EDATE(G$4,1),$D38>=G$4),1,"")) -> 1 | H38: =IF(OR(H$4="",$C38="",$D38=""),"",IF(AND($C38<EDATE(H$4,1),$D38>=H$4),1,"")) -> 1 | I38: =IF(OR(I$4="",$C38="",$D38=""),"",IF(AND($C38<EDATE(I$4,1),$D38>=I$4),1,"")) -> 1 | J38: =IF(OR(J$4="",$C38="",$D38=""),"",IF(AND($C38<EDATE(J$4,1),$D38>=J$4),1,"")) | K38: =IF(OR(K$4="",$C38="",$D38=""),"",IF(AND($C38<EDATE(K$4,1),$D38>=K$4),1,"")) | L38: =IF(OR(L$4="",$C38="",$D38=""),"",IF(AND($C38<EDATE(L$4,1),$D38>=L$4),1,"")) | M38: =IF(OR(M$4="",$C38="",$D38=""),"",IF(AND($C38<EDATE(M$4,1),$D38>=M$4),1,"")) | ... BY38: =IF(OR(BY$4="",$C38="",$D38=""),"",IF(AND($C38<EDATE(BY$4,1),$D38>=BY$4),1,""))
A39: =IF(BOE!$A8="","",BOE!$A8) -> 103 | B39: =IF(BOE!$A8="","",BOE!$C8) -> Hazard Management Plan (HMP) — other functional disciplines | C39: =IF(OR(BOE!$A8="",BOE!$E8<>"Y"),"",BOE!$O8) | D39: =IF(OR(BOE!$A8="",BOE!$E8<>"Y"),"",BOE!$P8) | E39: =IF(OR(BOE!$A8="",BOE!$E8<>"Y"),"",IF(Inputs!$B$7="P90",BOE!$T8,BOE!$R8)) | F39: =IF(OR(F$4="",$C39="",$D39=""),"",IF(AND($C39<EDATE(F$4,1),$D39>=F$4),1,"")) | G39: =IF(OR(G$4="",$C39="",$D39=""),"",IF(AND($C39<EDATE(G$4,1),$D39>=G$4),1,"")) | H39: =IF(OR(H$4="",$C39="",$D39=""),"",IF(AND($C39<EDATE(H$4,1),$D39>=H$4),1,"")) | I39: =IF(OR(I$4="",$C39="",$D39=""),"",IF(AND($C39<EDATE(I$4,1),$D39>=I$4),1,"")) | J39: =IF(OR(J$4="",$C39="",$D39=""),"",IF(AND($C39<EDATE(J$4,1),$D39>=J$4),1,"")) | K39: =IF(OR(K$4="",$C39="",$D39=""),"",IF(AND($C39<EDATE(K$4,1),$D39>=K$4),1,"")) | L39: =IF(OR(L$4="",$C39="",$D39=""),"",IF(AND($C39<EDATE(L$4,1),$D39>=L$4),1,"")) | M39: =IF(OR(M$4="",$C39="",$D39=""),"",IF(AND($C39<EDATE(M$4,1),$D39>=M$4),1,"")) | ... BY39: =IF(OR(BY$4="",$C39="",$D39=""),"",IF(AND($C39<EDATE(BY$4,1),$D39>=BY$4),1,""))
A40: =IF(BOE!$A9="","",BOE!$A9) -> 104 | B40: =IF(BOE!$A9="","",BOE!$C9) -> Support of Government reviews / audits / boards | C40: =IF(OR(BOE!$A9="",BOE!$E9<>"Y"),"",BOE!$O9) -> 46453 | D40: =IF(OR(BOE!$A9="",BOE!$E9<>"Y"),"",BOE!$P9) -> 47483 | E40: =IF(OR(BOE!$A9="",BOE!$E9<>"Y"),"",IF(Inputs!$B$7="P90",BOE!$T9,BOE!$R9)) -> 240 | F40: =IF(OR(F$4="",$C40="",$D40=""),"",IF(AND($C40<EDATE(F$4,1),$D40>=F$4),1,"")) | G40: =IF(OR(G$4="",$C40="",$D40=""),"",IF(AND($C40<EDATE(G$4,1),$D40>=G$4),1,"")) | H40: =IF(OR(H$4="",$C40="",$D40=""),"",IF(AND($C40<EDATE(H$4,1),$D40>=H$4),1,"")) -> 1 | I40: =IF(OR(I$4="",$C40="",$D40=""),"",IF(AND($C40<EDATE(I$4,1),$D40>=I$4),1,"")) -> 1 | J40: =IF(OR(J$4="",$C40="",$D40=""),"",IF(AND($C40<EDATE(J$4,1),$D40>=J$4),1,"")) -> 1 | K40: =IF(OR(K$4="",$C40="",$D40=""),"",IF(AND($C40<EDATE(K$4,1),$D40>=K$4),1,"")) -> 1 | L40: =IF(OR(L$4="",$C40="",$D40=""),"",IF(AND($C40<EDATE(L$4,1),$D40>=L$4),1,"")) -> 1 | M40: =IF(OR(M$4="",$C40="",$D40=""),"",IF(AND($C40<EDATE(M$4,1),$D40>=M$4),1,"")) -> 1 | ... BY40: =IF(OR(BY$4="",$C40="",$D40=""),"",IF(AND($C40<EDATE(BY$4,1),$D40>=BY$4),1,""))
A41: =IF(BOE!$A10="","",BOE!$A10) -> 105 | B41: =IF(BOE!$A10="","",BOE!$C10) -> Integrated Product Team / Working Group support | C41: =IF(OR(BOE!$A10="",BOE!$E10<>"Y"),"",BOE!$O10) -> 46391 | D41: =IF(OR(BOE!$A10="",BOE!$E10<>"Y"),"",BOE!$P10) -> 47483 | E41: =IF(OR(BOE!$A10="",BOE!$E10<>"Y"),"",IF(Inputs!$B$7="P90",BOE!$T10,BOE!$R10)) -> 430.52156 | F41: =IF(OR(F$4="",$C41="",$D41=""),"",IF(AND($C41<EDATE(F$4,1),$D41>=F$4),1,"")) -> 1 | G41: =IF(OR(G$4="",$C41="",$D41=""),"",IF(AND($C41<EDATE(G$4,1),$D41>=G$4),1,"")) -> 1 | H41: =IF(OR(H$4="",$C41="",$D41=""),"",IF(AND($C41<EDATE(H$4,1),$D41>=H$4),1,"")) -> 1 | I41: =IF(OR(I$4="",$C41="",$D41=""),"",IF(AND($C41<EDATE(I$4,1),$D41>=I$4),1,"")) -> 1 | J41: =IF(OR(J$4="",$C41="",$D41=""),"",IF(AND($C41<EDATE(J$4,1),$D41>=J$4),1,"")) -> 1 | K41: =IF(OR(K$4="",$C41="",$D41=""),"",IF(AND($C41<EDATE(K$4,1),$D41>=K$4),1,"")) -> 1 | L41: =IF(OR(L$4="",$C41="",$D41=""),"",IF(AND($C41<EDATE(L$4,1),$D41>=L$4),1,"")) -> 1 | M41: =IF(OR(M$4="",$C41="",$D41=""),"",IF(AND($C41<EDATE(M$4,1),$D41>=M$4),1,"")) -> 1 | ... BY41: =IF(OR(BY$4="",$C41="",$D41=""),"",IF(AND($C41<EDATE(BY$4,1),$D41>=BY$4),1,""))
A42: =IF(BOE!$A11="","",BOE!$A11) -> 106a | B42: =IF(BOE!$A11="","",BOE!$C11) -> Hazard Tracking System — establish | C42: =IF(OR(BOE!$A11="",BOE!$E11<>"Y"),"",BOE!$O11) -> 46391 | D42: =IF(OR(BOE!$A11="",BOE!$E11<>"Y"),"",BOE!$P11) -> 46481 | E42: =IF(OR(BOE!$A11="",BOE!$E11<>"Y"),"",IF(Inputs!$B$7="P90",BOE!$T11,BOE!$R11)) -> 120 | F42: =IF(OR(F$4="",$C42="",$D42=""),"",IF(AND($C42<EDATE(F$4,1),$D42>=F$4),1,"")) -> 1 | G42: =IF(OR(G$4="",$C42="",$D42=""),"",IF(AND($C42<EDATE(G$4,1),$D42>=G$4),1,"")) -> 1 | H42: =IF(OR(H$4="",$C42="",$D42=""),"",IF(AND($C42<EDATE(H$4,1),$D42>=H$4),1,"")) -> 1 | I42: =IF(OR(I$4="",$C42="",$D42=""),"",IF(AND($C42<EDATE(I$4,1),$D42>=I$4),1,"")) -> 1 | J42: =IF(OR(J$4="",$C42="",$D42=""),"",IF(AND($C42<EDATE(J$4,1),$D42>=J$4),1,"")) | K42: =IF(OR(K$4="",$C42="",$D42=""),"",IF(AND($C42<EDATE(K$4,1),$D42>=K$4),1,"")) | L42: =IF(OR(L$4="",$C42="",$D42=""),"",IF(AND($C42<EDATE(L$4,1),$D42>=L$4),1,"")) | M42: =IF(OR(M$4="",$C42="",$D42=""),"",IF(AND($C42<EDATE(M$4,1),$D42>=M$4),1,"")) | ... BY42: =IF(OR(BY$4="",$C42="",$D42=""),"",IF(AND($C42<EDATE(BY$4,1),$D42>=BY$4),1,""))
A43: =IF(BOE!$A12="","",BOE!$A12) -> 106b | B43: =IF(BOE!$A12="","",BOE!$C12) -> Hazard Tracking System — maintain | C43: =IF(OR(BOE!$A12="",BOE!$E12<>"Y"),"",BOE!$O12) -> 46481 | D43: =IF(OR(BOE!$A12="",BOE!$E12<>"Y"),"",BOE!$P12) -> 47483 | E43: =IF(OR(BOE!$A12="",BOE!$E12<>"Y"),"",IF(Inputs!$B$7="P90",BOE!$T12,BOE!$R12)) -> 263.35934 | F43: =IF(OR(F$4="",$C43="",$D43=""),"",IF(AND($C43<EDATE(F$4,1),$D43>=F$4),1,"")) | G43: =IF(OR(G$4="",$C43="",$D43=""),"",IF(AND($C43<EDATE(G$4,1),$D43>=G$4),1,"")) | H43: =IF(OR(H$4="",$C43="",$D43=""),"",IF(AND($C43<EDATE(H$4,1),$D43>=H$4),1,"")) | I43: =IF(OR(I$4="",$C43="",$D43=""),"",IF(AND($C43<EDATE(I$4,1),$D43>=I$4),1,"")) -> 1 | J43: =IF(OR(J$4="",$C43="",$D43=""),"",IF(AND($C43<EDATE(J$4,1),$D43>=J$4),1,"")) -> 1 | K43: =IF(OR(K$4="",$C43="",$D43=""),"",IF(AND($C43<EDATE(K$4,1),$D43>=K$4),1,"")) -> 1 | L43: =IF(OR(L$4="",$C43="",$D43=""),"",IF(AND($C43<EDATE(L$4,1),$D43>=L$4),1,"")) -> 1 | M43: =IF(OR(M$4="",$C43="",$D43=""),"",IF(AND($C43<EDATE(M$4,1),$D43>=M$4),1,"")) -> 1 | ... BY43: =IF(OR(BY$4="",$C43="",$D43=""),"",IF(AND($C43<EDATE(BY$4,1),$D43>=BY$4),1,""))
A44: =IF(BOE!$A13="","",BOE!$A13) -> 107 | B44: =IF(BOE!$A13="","",BOE!$C13) -> Hazard Management Progress Report | C44: =IF(OR(BOE!$A13="",BOE!$E13<>"Y"),"",BOE!$O13) -> 46391 | D44: =IF(OR(BOE!$A13="",BOE!$E13<>"Y"),"",BOE!$P13) -> 47483 | E44: =IF(OR(BOE!$A13="",BOE!$E13<>"Y"),"",IF(Inputs!$B$7="P90",BOE!$T13,BOE!$R13)) -> 143.50719 | F44: =IF(OR(F$4="",$C44="",$D44=""),"",IF(AND($C44<EDATE(F$4,1),$D44>=F$4),1,"")) -> 1 | G44: =IF(OR(G$4="",$C44="",$D44=""),"",IF(AND($C44<EDATE(G$4,1),$D44>=G$4),1,"")) -> 1 | H44: =IF(OR(H$4="",$C44="",$D44=""),"",IF(AND($C44<EDATE(H$4,1),$D44>=H$4),1,"")) -> 1 | I44: =IF(OR(I$4="",$C44="",$D44=""),"",IF(AND($C44<EDATE(I$4,1),$D44>=I$4),1,"")) -> 1 | J44: =IF(OR(J$4="",$C44="",$D44=""),"",IF(AND($C44<EDATE(J$4,1),$D44>=J$4),1,"")) -> 1 | K44: =IF(OR(K$4="",$C44="",$D44=""),"",IF(AND($C44<EDATE(K$4,1),$D44>=K$4),1,"")) -> 1 | L44: =IF(OR(L$4="",$C44="",$D44=""),"",IF(AND($C44<EDATE(L$4,1),$D44>=L$4),1,"")) -> 1 | M44: =IF(OR(M$4="",$C44="",$D44=""),"",IF(AND($C44<EDATE(M$4,1),$D44>=M$4),1,"")) -> 1 | ... BY44: =IF(OR(BY$4="",$C44="",$D44=""),"",IF(AND($C44<EDATE(BY$4,1),$D44>=BY$4),1,""))
A45: =IF(BOE!$A14="","",BOE!$A14) -> 108 | B45: =IF(BOE!$A14="","",BOE!$C14) -> Hazardous Materials Management Plan (HMMP) | C45: =IF(OR(BOE!$A14="",BOE!$E14<>"Y"),"",BOE!$O14) -> 46391 | D45: =IF(OR(BOE!$A14="",BOE!$E14<>"Y"),"",BOE!$P14) -> 46695 | E45: =IF(OR(BOE!$A14="",BOE!$E14<>"Y"),"",IF(Inputs!$B$7="P90",BOE!$T14,BOE!$R14)) -> 200 | F45: =IF(OR(F$4="",$C45="",$D45=""),"",IF(AND($C45<EDATE(F$4,1),$D45>=F$4),1,"")) -> 1 | G45: =IF(OR(G$4="",$C45="",$D45=""),"",IF(AND($C45<EDATE(G$4,1),$D45>=G$4),1,"")) -> 1 | H45: =IF(OR(H$4="",$C45="",$D45=""),"",IF(AND($C45<EDATE(H$4,1),$D45>=H$4),1,"")) -> 1 | I45: =IF(OR(I$4="",$C45="",$D45=""),"",IF(AND($C45<EDATE(I$4,1),$D45>=I$4),1,"")) -> 1 | J45: =IF(OR(J$4="",$C45="",$D45=""),"",IF(AND($C45<EDATE(J$4,1),$D45>=J$4),1,"")) -> 1 | K45: =IF(OR(K$4="",$C45="",$D45=""),"",IF(AND($C45<EDATE(K$4,1),$D45>=K$4),1,"")) -> 1 | L45: =IF(OR(L$4="",$C45="",$D45=""),"",IF(AND($C45<EDATE(L$4,1),$D45>=L$4),1,"")) -> 1 | M45: =IF(OR(M$4="",$C45="",$D45=""),"",IF(AND($C45<EDATE(M$4,1),$D45>=M$4),1,"")) -> 1 | ... BY45: =IF(OR(BY$4="",$C45="",$D45=""),"",IF(AND($C45<EDATE(BY$4,1),$D45>=BY$4),1,""))
A46: =IF(BOE!$A15="","",BOE!$A15) -> 201 | B46: =IF(BOE!$A15="","",BOE!$C15) -> Preliminary Hazard List (PHL) | C46: =IF(OR(BOE!$A15="",BOE!$E15<>"Y"),"",BOE!$O15) -> 46391 | D46: =IF(OR(BOE!$A15="",BOE!$E15<>"Y"),"",BOE!$P15) -> 46481 | E46: =IF(OR(BOE!$A15="",BOE!$E15<>"Y"),"",IF(Inputs!$B$7="P90",BOE!$T15,BOE!$R15)) -> 160 | F46: =IF(OR(F$4="",$C46="",$D46=""),"",IF(AND($C46<EDATE(F$4,1),$D46>=F$4),1,"")) -> 1 | G46: =IF(OR(G$4="",$C46="",$D46=""),"",IF(AND($C46<EDATE(G$4,1),$D46>=G$4),1,"")) -> 1 | H46: =IF(OR(H$4="",$C46="",$D46=""),"",IF(AND($C46<EDATE(H$4,1),$D46>=H$4),1,"")) -> 1 | I46: =IF(OR(I$4="",$C46="",$D46=""),"",IF(AND($C46<EDATE(I$4,1),$D46>=I$4),1,"")) -> 1 | J46: =IF(OR(J$4="",$C46="",$D46=""),"",IF(AND($C46<EDATE(J$4,1),$D46>=J$4),1,"")) | K46: =IF(OR(K$4="",$C46="",$D46=""),"",IF(AND($C46<EDATE(K$4,1),$D46>=K$4),1,"")) | L46: =IF(OR(L$4="",$C46="",$D46=""),"",IF(AND($C46<EDATE(L$4,1),$D46>=L$4),1,"")) | M46: =IF(OR(M$4="",$C46="",$D46=""),"",IF(AND($C46<EDATE(M$4,1),$D46>=M$4),1,"")) | ... BY46: =IF(OR(BY$4="",$C46="",$D46=""),"",IF(AND($C46<EDATE(BY$4,1),$D46>=BY$4),1,""))
A47: =IF(BOE!$A16="","",BOE!$A16) -> 202 | B47: =IF(BOE!$A16="","",BOE!$C16) -> Preliminary Hazard Analysis (PHA) | C47: =IF(OR(BOE!$A16="",BOE!$E16<>"Y"),"",BOE!$O16) -> 46481 | D47: =IF(OR(BOE!$A16="",BOE!$E16<>"Y"),"",BOE!$P16) -> 46600 | E47: =IF(OR(BOE!$A16="",BOE!$E16<>"Y"),"",IF(Inputs!$B$7="P90",BOE!$T16,BOE!$R16)) -> 480 | F47: =IF(OR(F$4="",$C47="",$D47=""),"",IF(AND($C47<EDATE(F$4,1),$D47>=F$4),1,"")) | G47: =IF(OR(G$4="",$C47="",$D47=""),"",IF(AND($C47<EDATE(G$4,1),$D47>=G$4),1,"")) | H47: =IF(OR(H$4="",$C47="",$D47=""),"",IF(AND($C47<EDATE(H$4,1),$D47>=H$4),1,"")) | I47: =IF(OR(I$4="",$C47="",$D47=""),"",IF(AND($C47<EDATE(I$4,1),$D47>=I$4),1,"")) -> 1 | J47: =IF(OR(J$4="",$C47="",$D47=""),"",IF(AND($C47<EDATE(J$4,1),$D47>=J$4),1,"")) -> 1 | K47: =IF(OR(K$4="",$C47="",$D47=""),"",IF(AND($C47<EDATE(K$4,1),$D47>=K$4),1,"")) -> 1 | L47: =IF(OR(L$4="",$C47="",$D47=""),"",IF(AND($C47<EDATE(L$4,1),$D47>=L$4),1,"")) -> 1 | M47: =IF(OR(M$4="",$C47="",$D47=""),"",IF(AND($C47<EDATE(M$4,1),$D47>=M$4),1,"")) | ... BY47: =IF(OR(BY$4="",$C47="",$D47=""),"",IF(AND($C47<EDATE(BY$4,1),$D47>=BY$4),1,""))
A48: =IF(BOE!$A17="","",BOE!$A17) -> 203 | B48: =IF(BOE!$A17="","",BOE!$C17) -> System Requirements Hazard Analysis (SRHA) | C48: =IF(OR(BOE!$A17="",BOE!$E17<>"Y"),"",BOE!$O17) -> 46481 | D48: =IF(OR(BOE!$A17="",BOE!$E17<>"Y"),"",BOE!$P17) -> 46877 | E48: =IF(OR(BOE!$A17="",BOE!$E17<>"Y"),"",IF(Inputs!$B$7="P90",BOE!$T17,BOE!$R17)) -> 520 | F48: =IF(OR(F$4="",$C48="",$D48=""),"",IF(AND($C48<EDATE(F$4,1),$D48>=F$4),1,"")) | G48: =IF(OR(G$4="",$C48="",$D48=""),"",IF(AND($C48<EDATE(G$4,1),$D48>=G$4),1,"")) | H48: =IF(OR(H$4="",$C48="",$D48=""),"",IF(AND($C48<EDATE(H$4,1),$D48>=H$4),1,"")) | I48: =IF(OR(I$4="",$C48="",$D48=""),"",IF(AND($C48<EDATE(I$4,1),$D48>=I$4),1,"")) -> 1 | J48: =IF(OR(J$4="",$C48="",$D48=""),"",IF(AND($C48<EDATE(J$4,1),$D48>=J$4),1,"")) -> 1 | K48: =IF(OR(K$4="",$C48="",$D48=""),"",IF(AND($C48<EDATE(K$4,1),$D48>=K$4),1,"")) -> 1 | L48: =IF(OR(L$4="",$C48="",$D48=""),"",IF(AND($C48<EDATE(L$4,1),$D48>=L$4),1,"")) -> 1 | M48: =IF(OR(M$4="",$C48="",$D48=""),"",IF(AND($C48<EDATE(M$4,1),$D48>=M$4),1,"")) -> 1 | ... BY48: =IF(OR(BY$4="",$C48="",$D48=""),"",IF(AND($C48<EDATE(BY$4,1),$D48>=BY$4),1,""))
... A91: =IF(BOE!$A60="","",BOE!$A60) | B91: =IF(BOE!$A60="","",BOE!$C60) | C91: =IF(OR(BOE!$A60="",BOE!$E60<>"Y"),"",BOE!$O60) | D91: =IF(OR(BOE!$A60="",BOE!$E60<>"Y"),"",BOE!$P60) | E91: =IF(OR(BOE!$A60="",BOE!$E60<>"Y"),"",IF(Inputs!$B$7="P90",BOE!$T60,BOE!$R60)) | F91: =IF(OR(F$4="",$C91="",$D91=""),"",IF(AND($C91<EDATE(F$4,1),$D91>=F$4),1,"")) | G91: =IF(OR(G$4="",$C91="",$D91=""),"",IF(AND($C91<EDATE(G$4,1),$D91>=G$4),1,"")) | H91: =IF(OR(H$4="",$C91="",$D91=""),"",IF(AND($C91<EDATE(H$4,1),$D91>=H$4),1,"")) | I91: =IF(OR(I$4="",$C91="",$D91=""),"",IF(AND($C91<EDATE(I$4,1),$D91>=I$4),1,"")) | J91: =IF(OR(J$4="",$C91="",$D91=""),"",IF(AND($C91<EDATE(J$4,1),$D91>=J$4),1,"")) | K91: =IF(OR(K$4="",$C91="",$D91=""),"",IF(AND($C91<EDATE(K$4,1),$D91>=K$4),1,"")) | L91: =IF(OR(L$4="",$C91="",$D91=""),"",IF(AND($C91<EDATE(L$4,1),$D91>=L$4),1,"")) | M91: =IF(OR(M$4="",$C91="",$D91=""),"",IF(AND($C91<EDATE(M$4,1),$D91>=M$4),1,"")) | ... BY91: =IF(OR(BY$4="",$C91="",$D91=""),"",IF(AND($C91<EDATE(BY$4,1),$D91>=BY$4),1,""))
B93: FTE load (from Phasing) | F93: =Phasing!F62 -> 1.7666725 | G93: =Phasing!G62 -> 1.6286926 | H93: =Phasing!H62 -> 1.9014216 | I93: =Phasing!I62 -> 2.155451 | J93: =Phasing!J62 -> 2.1836251 | K93: =Phasing!K62 -> 2.1131856 | L93: =Phasing!L62 -> 2.1323431 | M93: =Phasing!M62 -> 1.3887533 | ... BY93: =Phasing!BY62

Sheet Staffing
A1: Staffing Profile — demand by role, smoothed and rounded to a realistic headcount plan (generated; view only)
A2: ="Basis: "&Inputs!$B$7&" | "&TEXT(Inputs!$B$6,"0")&" h per FTE-month | smoothing "&Inputs!$B$44&" mo | granularity "&TEXT(Inputs!$B$45,"0.0")&" FTE | core floor "&TEXT(Inputs!$B$46,"0.0")&" FTE (change these on Inputs B44:B46)" -> Basis: P50 | 156 h per FTE-month | smoothing 3 mo | granularity 0.5 FTE | core floor 1.0 FTE (change these on Inputs B44:B46)
C3: =Phasing!F3 -> 1 | D3: =Phasing!G3 -> 2 | E3: =Phasing!H3 -> 3 | F3: =Phasing!I3 -> 4 | G3: =Phasing!J3 -> 5 | H3: =Phasing!K3 -> 6 | I3: =Phasing!L3 -> 7 | J3: =Phasing!M3 -> 8 | ... BV3: =Phasing!BY3
A4: Row | B4: Total | C4: =Phasing!F4 -> 46391 | D4: =Phasing!G4 -> 46422 | E4: =Phasing!H4 -> 46450 | F4: =Phasing!I4 -> 46481 | G4: =Phasing!J4 -> 46511 | H4: =Phasing!K4 -> 46542 | I4: =Phasing!L4 -> 46572 | J4: =Phasing!M4 -> 46603 | ... BV4: =Phasing!BY4
A5: A. HOURS BY ROLE (from Phasing × BOE labor category)
A6: =Inputs!$A$38 -> Safety Lead | B6: =SUM(C6:BV6) -> 3153.8398 | C6: =IF(C$4="","",SUMIF(BOE!$V$6:$V$60,$A6,Phasing!F$5:F$59)) -> 159.88842 | D6: =IF(D$4="","",SUMIF(BOE!$V$6:$V$60,$A6,Phasing!G$5:G$59)) -> 144.41535 | E6: =IF(E$4="","",SUMIF(BOE!$V$6:$V$60,$A6,Phasing!H$5:H$59)) -> 166.40637 | F6: =IF(F$4="","",SUMIF(BOE!$V$6:$V$60,$A6,Phasing!I$5:I$59)) -> 59.736221 | G6: =IF(G$4="","",SUMIF(BOE!$V$6:$V$60,$A6,Phasing!J$5:J$59)) -> 58.093728 | H6: =IF(H$4="","",SUMIF(BOE!$V$6:$V$60,$A6,Phasing!K$5:K$59)) -> 56.219737 | I6: =IF(I$4="","",SUMIF(BOE!$V$6:$V$60,$A6,Phasing!L$5:L$59)) -> 58.093728 | J6: =IF(J$4="","",SUMIF(BOE!$V$6:$V$60,$A6,Phasing!M$5:M$59)) -> 58.093728 | ... BV6: =IF(BV$4="","",SUMIF(BOE!$V$6:$V$60,$A6,Phasing!BY$5:BY$59))
A7: =Inputs!$A$39 -> System Safety Engineer | B7: =SUM(C7:BV7) -> 6952 | C7: =IF(C$4="","",SUMIF(BOE!$V$6:$V$60,$A7,Phasing!F$5:F$59)) -> 74.833363 | D7: =IF(D$4="","",SUMIF(BOE!$V$6:$V$60,$A7,Phasing!G$5:G$59)) -> 67.591425 | E7: =IF(E$4="","",SUMIF(BOE!$V$6:$V$60,$A7,Phasing!H$5:H$59)) -> 74.833363 | F7: =IF(F$4="","",SUMIF(BOE!$V$6:$V$60,$A7,Phasing!I$5:I$59)) -> 180.72508 | G7: =IF(G$4="","",SUMIF(BOE!$V$6:$V$60,$A7,Phasing!J$5:J$59)) -> 184.9324 | H7: =IF(H$4="","",SUMIF(BOE!$V$6:$V$60,$A7,Phasing!K$5:K$59)) -> 178.96684 | I7: =IF(I$4="","",SUMIF(BOE!$V$6:$V$60,$A7,Phasing!L$5:L$59)) -> 176.9324 | J7: =IF(J$4="","",SUMIF(BOE!$V$6:$V$60,$A7,Phasing!M$5:M$59)) -> 60.932403 | ... BV7: =IF(BV$4="","",SUMIF(BOE!$V$6:$V$60,$A7,Phasing!BY$5:BY$59))
A8: =Inputs!$A$40 -> Software Safety Engineer | B8: =SUM(C8:BV8) -> 1144 | C8: =IF(C$4="","",SUMIF(BOE!$V$6:$V$60,$A8,Phasing!F$5:F$59)) -> 0 | D8: =IF(D$4="","",SUMIF(BOE!$V$6:$V$60,$A8,Phasing!G$5:G$59)) -> 0 | E8: =IF(E$4="","",SUMIF(BOE!$V$6:$V$60,$A8,Phasing!H$5:H$59)) -> 0 | F8: =IF(F$4="","",SUMIF(BOE!$V$6:$V$60,$A8,Phasing!I$5:I$59)) -> 72.55814 | G8: =IF(G$4="","",SUMIF(BOE!$V$6:$V$60,$A8,Phasing!J$5:J$59)) -> 74.976744 | H8: =IF(H$4="","",SUMIF(BOE!$V$6:$V$60,$A8,Phasing!K$5:K$59)) -> 72.55814 | I8: =IF(I$4="","",SUMIF(BOE!$V$6:$V$60,$A8,Phasing!L$5:L$59)) -> 74.976744 | J8: =IF(J$4="","",SUMIF(BOE!$V$6:$V$60,$A8,Phasing!M$5:M$59)) -> 74.976744 | ... BV8: =IF(BV$4="","",SUMIF(BOE!$V$6:$V$60,$A8,Phasing!BY$5:BY$59))
A9: =Inputs!$A$41 -> Safety Analyst | B9: =SUM(C9:BV9) -> 703.35934 | C9: =IF(C$4="","",SUMIF(BOE!$V$6:$V$60,$A9,Phasing!F$5:F$59)) -> 40.879121 | D9: =IF(D$4="","",SUMIF(BOE!$V$6:$V$60,$A9,Phasing!G$5:G$59)) -> 42.069276 | E9: =IF(E$4="","",SUMIF(BOE!$V$6:$V$60,$A9,Phasing!H$5:H$59)) -> 55.382045 | F9: =IF(F$4="","",SUMIF(BOE!$V$6:$V$60,$A9,Phasing!I$5:I$59)) -> 23.230918 | G9: =IF(G$4="","",SUMIF(BOE!$V$6:$V$60,$A9,Phasing!J$5:J$59)) -> 22.642644 | H9: =IF(H$4="","",SUMIF(BOE!$V$6:$V$60,$A9,Phasing!K$5:K$59)) -> 21.912237 | I9: =IF(I$4="","",SUMIF(BOE!$V$6:$V$60,$A9,Phasing!L$5:L$59)) -> 22.642644 | J9: =IF(J$4="","",SUMIF(BOE!$V$6:$V$60,$A9,Phasing!M$5:M$59)) -> 22.642644 | ... BV9: =IF(BV$4="","",SUMIF(BOE!$V$6:$V$60,$A9,Phasing!BY$5:BY$59))
A10: Unassigned (no labor category on BOE row) | B10: =SUM(C10:BV10) -> 0 | C10: =IF(C$4="","",SUMIF(BOE!$V$6:$V$60,"",Phasing!F$5:F$59)) -> 0 | D10: =IF(D$4="","",SUMIF(BOE!$V$6:$V$60,"",Phasing!G$5:G$59)) -> 0 | E10: =IF(E$4="","",SUMIF(BOE!$V$6:$V$60,"",Phasing!H$5:H$59)) -> 0 | F10: =IF(F$4="","",SUMIF(BOE!$V$6:$V$60,"",Phasing!I$5:I$59)) -> 0 | G10: =IF(G$4="","",SUMIF(BOE!$V$6:$V$60,"",Phasing!J$5:J$59)) -> 0 | H10: =IF(H$4="","",SUMIF(BOE!$V$6:$V$60,"",Phasing!K$5:K$59)) -> 0 | I10: =IF(I$4="","",SUMIF(BOE!$V$6:$V$60,"",Phasing!L$5:L$59)) -> 0 | J10: =IF(J$4="","",SUMIF(BOE!$V$6:$V$60,"",Phasing!M$5:M$59)) -> 0 | ... BV10: =IF(BV$4="","",SUMIF(BOE!$V$6:$V$60,"",Phasing!BY$5:BY$59))
A11: Total hours | B11: =SUM(C11:BV11) -> 11953.199 | C11: =IF(C$4="","",SUM(C6:C10)) -> 275.60091 | D11: =IF(D$4="","",SUM(D6:D10)) -> 254.07605 | E11: =IF(E$4="","",SUM(E6:E10)) -> 296.62177 | F11: =IF(F$4="","",SUM(F6:F10)) -> 336.25036 | G11: =IF(G$4="","",SUM(G6:G10)) -> 340.64552 | H11: =IF(H$4="","",SUM(H6:H10)) -> 329.65695 | I11: =IF(I$4="","",SUM(I6:I10)) -> 332.64552 | J11: =IF(J$4="","",SUM(J6:J10)) -> 216.64552 | ... BV11: =IF(BV$4="","",SUM(BV6:BV10))
A13: B. RAW FTE DEMAND (hours ÷ hours per FTE-month)
A14: =$A$6 -> Safety Lead | B14: =IF(B11=0,0,B6/B11) -> 0.26384902 | C14: =IF(C$4="","",C6/Inputs!$B$6) -> 1.0249258 | D14: =IF(D$4="","",D6/Inputs!$B$6) -> 0.92573942 | E14: =IF(E$4="","",E6/Inputs!$B$6) -> 1.0667075 | F14: =IF(F$4="","",F6/Inputs!$B$6) -> 0.38292449 | G14: =IF(G$4="","",G6/Inputs!$B$6) -> 0.3723957 | H14: =IF(H$4="","",H6/Inputs!$B$6) -> 0.36038293 | I14: =IF(I$4="","",I6/Inputs!$B$6) -> 0.3723957 | J14: =IF(J$4="","",J6/Inputs!$B$6) -> 0.3723957 | ... BV14: =IF(BV$4="","",BV6/Inputs!$B$6)
A15: =$A$7 -> System Safety Engineer | B15: =IF(B11=0,0,B7/B11) -> 0.58160162 | C15: =IF(C$4="","",C7/Inputs!$B$6) -> 0.47970105 | D15: =IF(D$4="","",D7/Inputs!$B$6) -> 0.43327837 | E15: =IF(E$4="","",E7/Inputs!$B$6) -> 0.47970105 | F15: =IF(F$4="","",F7/Inputs!$B$6) -> 1.1584941 | G15: =IF(G$4="","",G7/Inputs!$B$6) -> 1.1854641 | H15: =IF(H$4="","",H7/Inputs!$B$6) -> 1.1472233 | I15: =IF(I$4="","",I7/Inputs!$B$6) -> 1.1341821 | J15: =IF(J$4="","",J7/Inputs!$B$6) -> 0.39059233 | ... BV15: =IF(BV$4="","",BV7/Inputs!$B$6)
A16: =$A$8 -> Software Safety Engineer | B16: =IF(B11=0,0,B8/B11) -> 0.095706596 | C16: =IF(C$4="","",C8/Inputs!$B$6) -> 0 | D16: =IF(D$4="","",D8/Inputs!$B$6) -> 0 | E16: =IF(E$4="","",E8/Inputs!$B$6) -> 0 | F16: =IF(F$4="","",F8/Inputs!$B$6) -> 0.46511628 | G16: =IF(G$4="","",G8/Inputs!$B$6) -> 0.48062016 | H16: =IF(H$4="","",H8/Inputs!$B$6) -> 0.46511628 | I16: =IF(I$4="","",I8/Inputs!$B$6) -> 0.48062016 | J16: =IF(J$4="","",J8/Inputs!$B$6) -> 0.48062016 | ... BV16: =IF(BV$4="","",BV8/Inputs!$B$6)
A17: =$A$9 -> Safety Analyst | B17: =IF(B11=0,0,B9/B11) -> 0.058842769 | C17: =IF(C$4="","",C9/Inputs!$B$6) -> 0.26204565 | D17: =IF(D$4="","",D9/Inputs!$B$6) -> 0.26967484 | E17: =IF(E$4="","",E9/Inputs!$B$6) -> 0.35501311 | F17: =IF(F$4="","",F9/Inputs!$B$6) -> 0.14891614 | G17: =IF(G$4="","",G9/Inputs!$B$6) -> 0.14514516 | H17: =IF(H$4="","",H9/Inputs!$B$6) -> 0.14046305 | I17: =IF(I$4="","",I9/Inputs!$B$6) -> 0.14514516 | J17: =IF(J$4="","",J9/Inputs!$B$6) -> 0.14514516 | ... BV17: =IF(BV$4="","",BV9/Inputs!$B$6)
A18: Total raw FTE | B18: share of hours → | C18: =IF(C$4="","",C11/Inputs!$B$6) -> 1.7666725 | D18: =IF(D$4="","",D11/Inputs!$B$6) -> 1.6286926 | E18: =IF(E$4="","",E11/Inputs!$B$6) -> 1.9014216 | F18: =IF(F$4="","",F11/Inputs!$B$6) -> 2.155451 | G18: =IF(G$4="","",G11/Inputs!$B$6) -> 2.1836251 | H18: =IF(H$4="","",H11/Inputs!$B$6) -> 2.1131856 | I18: =IF(I$4="","",I11/Inputs!$B$6) -> 2.1323431 | J18: =IF(J$4="","",J11/Inputs!$B$6) -> 1.3887533 | ... BV18: =IF(BV$4="","",BV11/Inputs!$B$6)
A20: C. REALISTIC STAFFING PLAN
A21: Smoothed FTE (centered moving average) | C21: =IF(C$4="","",IF(Inputs!$B$44>=5,AVERAGE(C18:E18),IF(Inputs!$B$44>=3,AVERAGE(C18:D18),C18))) -> 1.6976826 | D21: =IF(D$4="","",IF(Inputs!$B$44>=5,AVERAGE(C18:F18),IF(Inputs!$B$44>=3,AVERAGE(C18:E18),D18))) -> 1.7655956 | E21: =IF(E$4="","",IF(Inputs!$B$44>=5,AVERAGE(C18:G18),IF(Inputs!$B$44>=3,AVERAGE(D18:F18),E18))) -> 1.8951884 | F21: =IF(F$4="","",IF(Inputs!$B$44>=5,AVERAGE(D18:H18),IF(Inputs!$B$44>=3,AVERAGE(E18:G18),F18))) -> 2.0801659 | G21: =IF(G$4="","",IF(Inputs!$B$44>=5,AVERAGE(E18:I18),IF(Inputs!$B$44>=3,AVERAGE(F18:H18),G18))) -> 2.1507539 | H21: =IF(H$4="","",IF(Inputs!$B$44>=5,AVERAGE(F18:J18),IF(Inputs!$B$44>=3,AVERAGE(G18:I18),H18))) -> 2.1430513 | I21: =IF(I$4="","",IF(Inputs!$B$44>=5,AVERAGE(G18:K18),IF(Inputs!$B$44>=3,AVERAGE(H18:J18),I18))) -> 1.878094 | J21: =IF(J$4="","",IF(Inputs!$B$44>=5,AVERAGE(H18:L18),IF(Inputs!$B$44>=3,AVERAGE(I18:K18),J18))) -> 1.6216837 | K21: =IF(K$4="","",IF(Inputs!$B$44>=5,AVERAGE(I18:M18),IF(Inputs!$B$44>=3,AVERAGE(J18:L18),K18))) -> 1.3738205 | L21: =IF(L$4="","",IF(Inputs!$B$44>=5,AVERAGE(J18:N18),IF(Inputs!$B$44>=3,AVERAGE(K18:M18),L18))) -> 2.2498747 | ... BT21: =IF(BT$4="","",IF(Inputs!$B$44>=5,AVERAGE(BR18:BV18),IF(Inputs!$B$44>=3,AVERAGE(BS18:BU18),BT18))) | BU21: =IF(BU$4="","",IF(Inputs!$B$44>=5,AVERAGE(BS18:BV18),IF(Inputs!$B$44>=3,AVERAGE(BT18:BV18),BU18))) | BV21: =IF(BV$4="","",IF(Inputs!$B$44>=5,AVERAGE(BT18:BV18),IF(Inputs!$B$44>=3,AVERAGE(BU18:BV18),BV18)))
A22: Proposed headcount (FTE on contract) | B22: =IFERROR(AVERAGE(C22:BV22),0) -> 2.3888889 | C22: =IF(C$4="","",MAX(Inputs!$B$46,CEILING(C21,Inputs!$B$45))) -> 2 | D22: =IF(D$4="","",MAX(Inputs!$B$46,CEILING(D21,Inputs!$B$45))) -> 2 | E22: =IF(E$4="","",MAX(Inputs!$B$46,CEILING(E21,Inputs!$B$45))) -> 2 | F22: =IF(F$4="","",MAX(Inputs!$B$46,CEILING(F21,Inputs!$B$45))) -> 2.5 | G22: =IF(G$4="","",MAX(Inputs!$B$46,CEILING(G21,Inputs!$B$45))) -> 2.5 | H22: =IF(H$4="","",MAX(Inputs!$B$46,CEILING(H21,Inputs!$B$45))) -> 2.5 | I22: =IF(I$4="","",MAX(Inputs!$B$46,CEILING(I21,Inputs!$B$45))) -> 2 | J22: =IF(J$4="","",MAX(Inputs!$B$46,CEILING(J21,Inputs!$B$45))) -> 2 | ... BV22: =IF(BV$4="","",MAX(Inputs!$B$46,CEILING(BV21,Inputs!$B$45)))
A23: Utilization (raw demand ÷ headcount) | B23: =IF(B25=0,0,B11/(B25*Inputs!$B$6)) -> 0.89096595 | C23: =IF(C$4="","",IF(C22=0,0,C18/C22)) -> 0.88333624 | D23: =IF(D$4="","",IF(D22=0,0,D18/D22)) -> 0.81434631 | E23: =IF(E$4="","",IF(E22=0,0,E18/E22)) -> 0.95071082 | F23: =IF(F$4="","",IF(F22=0,0,F18/F22)) -> 0.86218041 | G23: =IF(G$4="","",IF(G22=0,0,G18/G22)) -> 0.87345005 | H23: =IF(H$4="","",IF(H22=0,0,H18/H22)) -> 0.84527424 | I23: =IF(I$4="","",IF(I22=0,0,I18/I22)) -> 1.0661715 | J23: =IF(J$4="","",IF(J22=0,0,J18/J22)) -> 0.69437667 | ... BV23: =IF(BV$4="","",IF(BV22=0,0,BV18/BV22))
A24: Surplus hours (headcount − demand) × hrs/FTE-month | B24: =SUM(C24:BV24) -> 1462.8008 | C24: =IF(C$4="","",(C22-C18)*Inputs!$B$6) -> 36.399093 | D24: =IF(D$4="","",(D22-D18)*Inputs!$B$6) -> 57.92395 | E24: =IF(E$4="","",(E22-E18)*Inputs!$B$6) -> 15.378225 | F24: =IF(F$4="","",(F22-F18)*Inputs!$B$6) -> 53.749639 | G24: =IF(G$4="","",(G22-G18)*Inputs!$B$6) -> 49.35448 | H24: =IF(H$4="","",(H22-H18)*Inputs!$B$6) -> 60.343045 | I24: =IF(I$4="","",(I22-I18)*Inputs!$B$6) -> -20.64552 | J24: =IF(J$4="","",(J22-J18)*Inputs!$B$6) -> 95.35448 | ... BV24: =IF(BV$4="","",(BV22-BV18)*Inputs!$B$6)
A25: Staff-months on contract | B25: =SUM(C25:BV25) -> 86 | C25: =IF(C$4="","",C22) -> 2 | D25: =IF(D$4="","",D22) -> 2 | E25: =IF(E$4="","",E22) -> 2 | F25: =IF(F$4="","",F22) -> 2.5 | G25: =IF(G$4="","",G22) -> 2.5 | H25: =IF(H$4="","",H22) -> 2.5 | I25: =IF(I$4="","",I22) -> 2 | J25: =IF(J$4="","",J22) -> 2 | ... BV25: =IF(BV$4="","",BV22)
A27: D. SUGGESTED HEADCOUNT BY ROLE (each role rounded up separately — may exceed the total plan; use as a hiring guide)
A28: =$A$6 -> Safety Lead | B28: =MAX(C28:BV28) -> 1.5 | C28: =IF(C$4="","",IF(IF(Inputs!$B$44>=5,AVERAGE(C14:E14),IF(Inputs!$B$44>=3,AVERAGE(C14:D14),C14))<=0,"",CEILING(IF(Inputs!$B$44>=5,AVERAGE(C14:E14),IF(Inputs!$B$44>=3,AVERAGE(C14:D14),C14)),Inputs!$B$45))) -> 1 | D28: =IF(D$4="","",IF(IF(Inputs!$B$44>=5,AVERAGE(C14:F14),IF(Inputs!$B$44>=3,AVERAGE(C14:E14),D14))<=0,"",CEILING(IF(Inputs!$B$44>=5,AVERAGE(C14:F14),IF(Inputs!$B$44>=3,AVERAGE(C14:E14),D14)),Inputs!$B$45))) -> 1.5 | E28: =IF(E$4="","",IF(IF(Inputs!$B$44>=5,AVERAGE(C14:G14),IF(Inputs!$B$44>=3,AVERAGE(D14:F14),E14))<=0,"",CEILING(IF(Inputs!$B$44>=5,AVERAGE(C14:G14),IF(Inputs!$B$44>=3,AVERAGE(D14:F14),E14)),Inputs!$B$45))) -> 1 | F28: =IF(F$4="","",IF(IF(Inputs!$B$44>=5,AVERAGE(D14:H14),IF(Inputs!$B$44>=3,AVERAGE(E14:G14),F14))<=0,"",CEILING(IF(Inputs!$B$44>=5,AVERAGE(D14:H14),IF(Inputs!$B$44>=3,AVERAGE(E14:G14),F14)),Inputs!$B$45))) -> 1 | G28: =IF(G$4="","",IF(IF(Inputs!$B$44>=5,AVERAGE(E14:I14),IF(Inputs!$B$44>=3,AVERAGE(F14:H14),G14))<=0,"",CEILING(IF(Inputs!$B$44>=5,AVERAGE(E14:I14),IF(Inputs!$B$44>=3,AVERAGE(F14:H14),G14)),Inputs!$B$45))) -> 0.5 | H28: =IF(H$4="","",IF(IF(Inputs!$B$44>=5,AVERAGE(F14:J14),IF(Inputs!$B$44>=3,AVERAGE(G14:I14),H14))<=0,"",CEILING(IF(Inputs!$B$44>=5,AVERAGE(F14:J14),IF(Inputs!$B$44>=3,AVERAGE(G14:I14),H14)),Inputs!$B$45))) -> 0.5 | I28: =IF(I$4="","",IF(IF(Inputs!$B$44>=5,AVERAGE(G14:K14),IF(Inputs!$B$44>=3,AVERAGE(H14:J14),I14))<=0,"",CEILING(IF(Inputs!$B$44>=5,AVERAGE(G14:K14),IF(Inputs!$B$44>=3,AVERAGE(H14:J14),I14)),Inputs!$B$45))) -> 0.5 | J28: =IF(J$4="","",IF(IF(Inputs!$B$44>=5,AVERAGE(H14:L14),IF(Inputs!$B$44>=3,AVERAGE(I14:K14),J14))<=0,"",CEILING(IF(Inputs!$B$44>=5,AVERAGE(H14:L14),IF(Inputs!$B$44>=3,AVERAGE(I14:K14),J14)),Inputs!$B$45))) -> 0.5 | K28: =IF(K$4="","",IF(IF(Inputs!$B$44>=5,AVERAGE(I14:M14),IF(Inputs!$B$44>=3,AVERAGE(J14:L14),K14))<=0,"",CEILING(IF(Inputs!$B$44>=5,AVERAGE(I14:M14),IF(Inputs!$B$44>=3,AVERAGE(J14:L14),K14)),Inputs!$B$45))) -> 0.5 | L28: =IF(L$4="","",IF(IF(Inputs!$B$44>=5,AVERAGE(J14:N14),IF(Inputs!$B$44>=3,AVERAGE(K14:M14),L14))<=0,"",CEILING(IF(Inputs!$B$44>=5,AVERAGE(J14:N14),IF(Inputs!$B$44>=3,AVERAGE(K14:M14),L14)),Inputs!$B$45))) -> 0.5 | ... BT28: =IF(BT$4="","",IF(IF(Inputs!$B$44>=5,AVERAGE(BR14:BV14),IF(Inputs!$B$44>=3,AVERAGE(BS14:BU14),BT14))<=0,"",CEILING(IF(Inputs!$B$44>=5,AVERAGE(BR14:BV14),IF(Inputs!$B$44>=3,AVERAGE(BS14:BU14),BT14)),Inputs!$B$45))) | BU28: =IF(BU$4="","",IF(IF(Inputs!$B$44>=5,AVERAGE(BS14:BV14),IF(Inputs!$B$44>=3,AVERAGE(BT14:BV14),BU14))<=0,"",CEILING(IF(Inputs!$B$44>=5,AVERAGE(BS14:BV14),IF(Inputs!$B$44>=3,AVERAGE(BT14:BV14),BU14)),Inputs!$B$45))) | BV28: =IF(BV$4="","",IF(IF(Inputs!$B$44>=5,AVERAGE(BT14:BV14),IF(Inputs!$B$44>=3,AVERAGE(BU14:BV14),BV14))<=0,"",CEILING(IF(Inputs!$B$44>=5,AVERAGE(BT14:BV14),IF(Inputs!$B$44>=3,AVERAGE(BU14:BV14),BV14)),Inputs!$B$45)))
A29: =$A$7 -> System Safety Engineer | B29: =MAX(C29:BV29) -> 3.5 | C29: =IF(C$4="","",IF(IF(Inputs!$B$44>=5,AVERAGE(C15:E15),IF(Inputs!$B$44>=3,AVERAGE(C15:D15),C15))<=0,"",CEILING(IF(Inputs!$B$44>=5,AVERAGE(C15:E15),IF(Inputs!$B$44>=3,AVERAGE(C15:D15),C15)),Inputs!$B$45))) -> 0.5 | D29: =IF(D$4="","",IF(IF(Inputs!$B$44>=5,AVERAGE(C15:F15),IF(Inputs!$B$44>=3,AVERAGE(C15:E15),D15))<=0,"",CEILING(IF(Inputs!$B$44>=5,AVERAGE(C15:F15),IF(Inputs!$B$44>=3,AVERAGE(C15:E15),D15)),Inputs!$B$45))) -> 0.5 | E29: =IF(E$4="","",IF(IF(Inputs!$B$44>=5,AVERAGE(C15:G15),IF(Inputs!$B$44>=3,AVERAGE(D15:F15),E15))<=0,"",CEILING(IF(Inputs!$B$44>=5,AVERAGE(C15:G15),IF(Inputs!$B$44>=3,AVERAGE(D15:F15),E15)),Inputs!$B$45))) -> 1 | F29: =IF(F$4="","",IF(IF(Inputs!$B$44>=5,AVERAGE(D15:H15),IF(Inputs!$B$44>=3,AVERAGE(E15:G15),F15))<=0,"",CEILING(IF(Inputs!$B$44>=5,AVERAGE(D15:H15),IF(Inputs!$B$44>=3,AVERAGE(E15:G15),F15)),Inputs!$B$45))) -> 1 | G29: =IF(G$4="","",IF(IF(Inputs!$B$44>=5,AVERAGE(E15:I15),IF(Inputs!$B$44>=3,AVERAGE(F15:H15),G15))<=0,"",CEILING(IF(Inputs!$B$44>=5,AVERAGE(E15:I15),IF(Inputs!$B$44>=3,AVERAGE(F15:H15),G15)),Inputs!$B$45))) -> 1.5 | H29: =IF(H$4="","",IF(IF(Inputs!$B$44>=5,AVERAGE(F15:J15),IF(Inputs!$B$44>=3,AVERAGE(G15:I15),H15))<=0,"",CEILING(IF(Inputs!$B$44>=5,AVERAGE(F15:J15),IF(Inputs!$B$44>=3,AVERAGE(G15:I15),H15)),Inputs!$B$45))) -> 1.5 | I29: =IF(I$4="","",IF(IF(Inputs!$B$44>=5,AVERAGE(G15:K15),IF(Inputs!$B$44>=3,AVERAGE(H15:J15),I15))<=0,"",CEILING(IF(Inputs!$B$44>=5,AVERAGE(G15:K15),IF(Inputs!$B$44>=3,AVERAGE(H15:J15),I15)),Inputs!$B$45))) -> 1 | J29: =IF(J$4="","",IF(IF(Inputs!$B$44>=5,AVERAGE(H15:L15),IF(Inputs!$B$44>=3,AVERAGE(I15:K15),J15))<=0,"",CEILING(IF(Inputs!$B$44>=5,AVERAGE(H15:L15),IF(Inputs!$B$44>=3,AVERAGE(I15:K15),J15)),Inputs!$B$45))) -> 1 | K29: =IF(K$4="","",IF(IF(Inputs!$B$44>=5,AVERAGE(I15:M15),IF(Inputs!$B$44>=3,AVERAGE(J15:L15),K15))<=0,"",CEILING(IF(Inputs!$B$44>=5,AVERAGE(I15:M15),IF(Inputs!$B$44>=3,AVERAGE(J15:L15),K15)),Inputs!$B$45))) -> 0.5 | L29: =IF(L$4="","",IF(IF(Inputs!$B$44>=5,AVERAGE(J15:N15),IF(Inputs!$B$44>=3,AVERAGE(K15:M15),L15))<=0,"",CEILING(IF(Inputs!$B$44>=5,AVERAGE(J15:N15),IF(Inputs!$B$44>=3,AVERAGE(K15:M15),L15)),Inputs!$B$45))) -> 1.5 | ... BT29: =IF(BT$4="","",IF(IF(Inputs!$B$44>=5,AVERAGE(BR15:BV15),IF(Inputs!$B$44>=3,AVERAGE(BS15:BU15),BT15))<=0,"",CEILING(IF(Inputs!$B$44>=5,AVERAGE(BR15:BV15),IF(Inputs!$B$44>=3,AVERAGE(BS15:BU15),BT15)),Inputs!$B$45))) | BU29: =IF(BU$4="","",IF(IF(Inputs!$B$44>=5,AVERAGE(BS15:BV15),IF(Inputs!$B$44>=3,AVERAGE(BT15:BV15),BU15))<=0,"",CEILING(IF(Inputs!$B$44>=5,AVERAGE(BS15:BV15),IF(Inputs!$B$44>=3,AVERAGE(BT15:BV15),BU15)),Inputs!$B$45))) | BV29: =IF(BV$4="","",IF(IF(Inputs!$B$44>=5,AVERAGE(BT15:BV15),IF(Inputs!$B$44>=3,AVERAGE(BU15:BV15),BV15))<=0,"",CEILING(IF(Inputs!$B$44>=5,AVERAGE(BT15:BV15),IF(Inputs!$B$44>=3,AVERAGE(BU15:BV15),BV15)),Inputs!$B$45)))
A30: =$A$8 -> Software Safety Engineer | B30: =MAX(C30:BV30) -> 0.5 | C30: =IF(C$4="","",IF(IF(Inputs!$B$44>=5,AVERAGE(C16:E16),IF(Inputs!$B$44>=3,AVERAGE(C16:D16),C16))<=0,"",CEILING(IF(Inputs!$B$44>=5,AVERAGE(C16:E16),IF(Inputs!$B$44>=3,AVERAGE(C16:D16),C16)),Inputs!$B$45))) | D30: =IF(D$4="","",IF(IF(Inputs!$B$44>=5,AVERAGE(C16:F16),IF(Inputs!$B$44>=3,AVERAGE(C16:E16),D16))<=0,"",CEILING(IF(Inputs!$B$44>=5,AVERAGE(C16:F16),IF(Inputs!$B$44>=3,AVERAGE(C16:E16),D16)),Inputs!$B$45))) | E30: =IF(E$4="","",IF(IF(Inputs!$B$44>=5,AVERAGE(C16:G16),IF(Inputs!$B$44>=3,AVERAGE(D16:F16),E16))<=0,"",CEILING(IF(Inputs!$B$44>=5,AVERAGE(C16:G16),IF(Inputs!$B$44>=3,AVERAGE(D16:F16),E16)),Inputs!$B$45))) -> 0.5 | F30: =IF(F$4="","",IF(IF(Inputs!$B$44>=5,AVERAGE(D16:H16),IF(Inputs!$B$44>=3,AVERAGE(E16:G16),F16))<=0,"",CEILING(IF(Inputs!$B$44>=5,AVERAGE(D16:H16),IF(Inputs!$B$44>=3,AVERAGE(E16:G16),F16)),Inputs!$B$45))) -> 0.5 | G30: =IF(G$4="","",IF(IF(Inputs!$B$44>=5,AVERAGE(E16:I16),IF(Inputs!$B$44>=3,AVERAGE(F16:H16),G16))<=0,"",CEILING(IF(Inputs!$B$44>=5,AVERAGE(E16:I16),IF(Inputs!$B$44>=3,AVERAGE(F16:H16),G16)),Inputs!$B$45))) -> 0.5 | H30: =IF(H$4="","",IF(IF(Inputs!$B$44>=5,AVERAGE(F16:J16),IF(Inputs!$B$44>=3,AVERAGE(G16:I16),H16))<=0,"",CEILING(IF(Inputs!$B$44>=5,AVERAGE(F16:J16),IF(Inputs!$B$44>=3,AVERAGE(G16:I16),H16)),Inputs!$B$45))) -> 0.5 | I30: =IF(I$4="","",IF(IF(Inputs!$B$44>=5,AVERAGE(G16:K16),IF(Inputs!$B$44>=3,AVERAGE(H16:J16),I16))<=0,"",CEILING(IF(Inputs!$B$44>=5,AVERAGE(G16:K16),IF(Inputs!$B$44>=3,AVERAGE(H16:J16),I16)),Inputs!$B$45))) -> 0.5 | J30: =IF(J$4="","",IF(IF(Inputs!$B$44>=5,AVERAGE(H16:L16),IF(Inputs!$B$44>=3,AVERAGE(I16:K16),J16))<=0,"",CEILING(IF(Inputs!$B$44>=5,AVERAGE(H16:L16),IF(Inputs!$B$44>=3,AVERAGE(I16:K16),J16)),Inputs!$B$45))) -> 0.5 | K30: =IF(K$4="","",IF(IF(Inputs!$B$44>=5,AVERAGE(I16:M16),IF(Inputs!$B$44>=3,AVERAGE(J16:L16),K16))<=0,"",CEILING(IF(Inputs!$B$44>=5,AVERAGE(I16:M16),IF(Inputs!$B$44>=3,AVERAGE(J16:L16),K16)),Inputs!$B$45))) -> 0.5 | L30: =IF(L$4="","",IF(IF(Inputs!$B$44>=5,AVERAGE(J16:N16),IF(Inputs!$B$44>=3,AVERAGE(K16:M16),L16))<=0,"",CEILING(IF(Inputs!$B$44>=5,AVERAGE(J16:N16),IF(Inputs!$B$44>=3,AVERAGE(K16:M16),L16)),Inputs!$B$45))) -> 0.5 | ... BT30: =IF(BT$4="","",IF(IF(Inputs!$B$44>=5,AVERAGE(BR16:BV16),IF(Inputs!$B$44>=3,AVERAGE(BS16:BU16),BT16))<=0,"",CEILING(IF(Inputs!$B$44>=5,AVERAGE(BR16:BV16),IF(Inputs!$B$44>=3,AVERAGE(BS16:BU16),BT16)),Inputs!$B$45))) | BU30: =IF(BU$4="","",IF(IF(Inputs!$B$44>=5,AVERAGE(BS16:BV16),IF(Inputs!$B$44>=3,AVERAGE(BT16:BV16),BU16))<=0,"",CEILING(IF(Inputs!$B$44>=5,AVERAGE(BS16:BV16),IF(Inputs!$B$44>=3,AVERAGE(BT16:BV16),BU16)),Inputs!$B$45))) | BV30: =IF(BV$4="","",IF(IF(Inputs!$B$44>=5,AVERAGE(BT16:BV16),IF(Inputs!$B$44>=3,AVERAGE(BU16:BV16),BV16))<=0,"",CEILING(IF(Inputs!$B$44>=5,AVERAGE(BT16:BV16),IF(Inputs!$B$44>=3,AVERAGE(BU16:BV16),BV16)),Inputs!$B$45)))
A31: =$A$9 -> Safety Analyst | B31: =MAX(C31:BV31) -> 0.5 | C31: =IF(C$4="","",IF(IF(Inputs!$B$44>=5,AVERAGE(C17:E17),IF(Inputs!$B$44>=3,AVERAGE(C17:D17),C17))<=0,"",CEILING(IF(Inputs!$B$44>=5,AVERAGE(C17:E17),IF(Inputs!$B$44>=3,AVERAGE(C17:D17),C17)),Inputs!$B$45))) -> 0.5 | D31: =IF(D$4="","",IF(IF(Inputs!$B$44>=5,AVERAGE(C17:F17),IF(Inputs!$B$44>=3,AVERAGE(C17:E17),D17))<=0,"",CEILING(IF(Inputs!$B$44>=5,AVERAGE(C17:F17),IF(Inputs!$B$44>=3,AVERAGE(C17:E17),D17)),Inputs!$B$45))) -> 0.5 | E31: =IF(E$4="","",IF(IF(Inputs!$B$44>=5,AVERAGE(C17:G17),IF(Inputs!$B$44>=3,AVERAGE(D17:F17),E17))<=0,"",CEILING(IF(Inputs!$B$44>=5,AVERAGE(C17:G17),IF(Inputs!$B$44>=3,AVERAGE(D17:F17),E17)),Inputs!$B$45))) -> 0.5 | F31: =IF(F$4="","",IF(IF(Inputs!$B$44>=5,AVERAGE(D17:H17),IF(Inputs!$B$44>=3,AVERAGE(E17:G17),F17))<=0,"",CEILING(IF(Inputs!$B$44>=5,AVERAGE(D17:H17),IF(Inputs!$B$44>=3,AVERAGE(E17:G17),F17)),Inputs!$B$45))) -> 0.5 | G31: =IF(G$4="","",IF(IF(Inputs!$B$44>=5,AVERAGE(E17:I17),IF(Inputs!$B$44>=3,AVERAGE(F17:H17),G17))<=0,"",CEILING(IF(Inputs!$B$44>=5,AVERAGE(E17:I17),IF(Inputs!$B$44>=3,AVERAGE(F17:H17),G17)),Inputs!$B$45))) -> 0.5 | H31: =IF(H$4="","",IF(IF(Inputs!$B$44>=5,AVERAGE(F17:J17),IF(Inputs!$B$44>=3,AVERAGE(G17:I17),H17))<=0,"",CEILING(IF(Inputs!$B$44>=5,AVERAGE(F17:J17),IF(Inputs!$B$44>=3,AVERAGE(G17:I17),H17)),Inputs!$B$45))) -> 0.5 | I31: =IF(I$4="","",IF(IF(Inputs!$B$44>=5,AVERAGE(G17:K17),IF(Inputs!$B$44>=3,AVERAGE(H17:J17),I17))<=0,"",CEILING(IF(Inputs!$B$44>=5,AVERAGE(G17:K17),IF(Inputs!$B$44>=3,AVERAGE(H17:J17),I17)),Inputs!$B$45))) -> 0.5 | J31: =IF(J$4="","",IF(IF(Inputs!$B$44>=5,AVERAGE(H17:L17),IF(Inputs!$B$44>=3,AVERAGE(I17:K17),J17))<=0,"",CEILING(IF(Inputs!$B$44>=5,AVERAGE(H17:L17),IF(Inputs!$B$44>=3,AVERAGE(I17:K17),J17)),Inputs!$B$45))) -> 0.5 | K31: =IF(K$4="","",IF(IF(Inputs!$B$44>=5,AVERAGE(I17:M17),IF(Inputs!$B$44>=3,AVERAGE(J17:L17),K17))<=0,"",CEILING(IF(Inputs!$B$44>=5,AVERAGE(I17:M17),IF(Inputs!$B$44>=3,AVERAGE(J17:L17),K17)),Inputs!$B$45))) -> 0.5 | L31: =IF(L$4="","",IF(IF(Inputs!$B$44>=5,AVERAGE(J17:N17),IF(Inputs!$B$44>=3,AVERAGE(K17:M17),L17))<=0,"",CEILING(IF(Inputs!$B$44>=5,AVERAGE(J17:N17),IF(Inputs!$B$44>=3,AVERAGE(K17:M17),L17)),Inputs!$B$45))) -> 0.5 | ... BT31: =IF(BT$4="","",IF(IF(Inputs!$B$44>=5,AVERAGE(BR17:BV17),IF(Inputs!$B$44>=3,AVERAGE(BS17:BU17),BT17))<=0,"",CEILING(IF(Inputs!$B$44>=5,AVERAGE(BR17:BV17),IF(Inputs!$B$44>=3,AVERAGE(BS17:BU17),BT17)),Inputs!$B$45))) | BU31: =IF(BU$4="","",IF(IF(Inputs!$B$44>=5,AVERAGE(BS17:BV17),IF(Inputs!$B$44>=3,AVERAGE(BT17:BV17),BU17))<=0,"",CEILING(IF(Inputs!$B$44>=5,AVERAGE(BS17:BV17),IF(Inputs!$B$44>=3,AVERAGE(BT17:BV17),BU17)),Inputs!$B$45))) | BV31: =IF(BV$4="","",IF(IF(Inputs!$B$44>=5,AVERAGE(BT17:BV17),IF(Inputs!$B$44>=3,AVERAGE(BU17:BV17),BV17))<=0,"",CEILING(IF(Inputs!$B$44>=5,AVERAGE(BT17:BV17),IF(Inputs!$B$44>=3,AVERAGE(BU17:BV17),BV17)),Inputs!$B$45)))
A33: E. KEY FIGURES
A34: Peak raw FTE demand (month) | B34: =MAX(C18:BV18) -> 4.130449
A35: Peak headcount in plan | B35: =MAX(C22:BV22) -> 4.5
A36: Average headcount over the program | B36: =B22 -> 2.3888889
A37: Total staff-months in plan | B37: =B25 -> 86
A38: Plan hours (staff-months × hrs/FTE-month) | B38: =B25*Inputs!$B$6 -> 13416
A39: Estimated hours (BOE, phasing basis) | B39: =B11 -> 11953.199
A40: Overall utilization (estimate ÷ plan) | B40: =IF(B25=0,0,B11/(B25*Inputs!$B$6)) -> 0.89096595
A41: Months staffed above 3 FTE | B41: =COUNTIF(C22:BV22,">3") -> 7
A42: Peak Safety Lead FTE (raw) | B42: =MAX(C14:BV14) -> 1.0667075
A43: Peak System Safety Engineer FTE (raw) | B43: =MAX(C15:BV15) -> 3.3231886
A44: Peak Software Safety Engineer FTE (raw) | B44: =MAX(C16:BV16) -> 0.48062016
A45: Peak Safety Analyst FTE (raw) | B45: =MAX(C17:BV17) -> 0.35501311
A47: F. STAFFING BY PHASE (between consecutive milestones, in Milestones-sheet order)
A48: Phase | B48: Start | C48: End | D48: Months | E48: Hours | F48: Avg FTE (raw) | G48: Avg headcount (plan)
A49: =IF(OR(Milestones!$B5="",Milestones!$B6=""),"",Milestones!$B5&" → "&Milestones!$B6) -> Program Start → SRR | B49: =IF($A49="","",Milestones!$E5) -> 46391 | C49: =IF($A49="","",Milestones!$E6) -> 46481 | D49: =IF($A49="","",MAX(0,($C49-$B49)/(365.25/12))) -> 2.9568789 | E49: =IF($A49="","",SUMIFS($C$11:$BV$11,$C$4:$BV$4,">="&$B49,$C$4:$BV$4,"<"&$C49)) -> 826.29873 | F49: =IF(OR($A49="",N($D49)=0),"",$E49/Inputs!$B$6/$D49) -> 1.7913438 | G49: =IF(OR($A49="",COUNTIFS($C$4:$BV$4,">="&$B49,$C$4:$BV$4,"<"&$C49)=0),"",SUMIFS($C$22:$BV$22,$C$4:$BV$4,">="&$B49,$C$4:$BV$4,"<"&$C49)/COUNTIFS($C$4:$BV$4,">="&$B49,$C$4:$BV$4,"<"&$C49)) -> 2
A50: =IF(OR(Milestones!$B6="",Milestones!$B7=""),"",Milestones!$B6&" → "&Milestones!$B7) -> SRR → SFR | B50: =IF($A50="","",Milestones!$E6) -> 46481 | C50: =IF($A50="","",Milestones!$E7) -> 46572 | D50: =IF($A50="","",MAX(0,($C50-$B50)/(365.25/12))) -> 2.9897331 | E50: =IF($A50="","",SUMIFS($C$11:$BV$11,$C$4:$BV$4,">="&$B50,$C$4:$BV$4,"<"&$C50)) -> 1006.5528 | F50: =IF(OR($A50="",N($D50)=0),"",$E50/Inputs!$B$6/$D50) -> 2.1581398 | G50: =IF(OR($A50="",COUNTIFS($C$4:$BV$4,">="&$B50,$C$4:$BV$4,"<"&$C50)=0),"",SUMIFS($C$22:$BV$22,$C$4:$BV$4,">="&$B50,$C$4:$BV$4,"<"&$C50)/COUNTIFS($C$4:$BV$4,">="&$B50,$C$4:$BV$4,"<"&$C50)) -> 2.5
A51: =IF(OR(Milestones!$B7="",Milestones!$B8=""),"",Milestones!$B7&" → "&Milestones!$B8) -> SFR → PDR | B51: =IF($A51="","",Milestones!$E7) -> 46572 | C51: =IF($A51="","",Milestones!$E8) -> 46695 | D51: =IF($A51="","",MAX(0,($C51-$B51)/(365.25/12))) -> 4.0410678 | E51: =IF($A51="","",SUMIFS($C$11:$BV$11,$C$4:$BV$4,">="&$B51,$C$4:$BV$4,"<"&$C51)) -> 975.59351 | F51: =IF(OR($A51="",N($D51)=0),"",$E51/Inputs!$B$6/$D51) -> 1.5475624 | G51: =IF(OR($A51="",COUNTIFS($C$4:$BV$4,">="&$B51,$C$4:$BV$4,"<"&$C51)=0),"",SUMIFS($C$22:$BV$22,$C$4:$BV$4,">="&$B51,$C$4:$BV$4,"<"&$C51)/COUNTIFS($C$4:$BV$4,">="&$B51,$C$4:$BV$4,"<"&$C51)) -> 2
A52: =IF(OR(Milestones!$B8="",Milestones!$B9=""),"",Milestones!$B8&" → "&Milestones!$B9) -> PDR → CDR | B52: =IF($A52="","",Milestones!$E8) -> 46695 | C52: =IF($A52="","",Milestones!$E9) -> 46877 | D52: =IF($A52="","",MAX(0,($C52-$B52)/(365.25/12))) -> 5.9794661 | E52: =IF($A52="","",SUMIFS($C$11:$BV$11,$C$4:$BV$4,">="&$B52,$C$4:$BV$4,"<"&$C52)) -> 3786.0327 | F52: =IF(OR($A52="",N($D52)=0),"",$E52/Inputs!$B$6/$D52) -> 4.0587972 | G52: =IF(OR($A52="",COUNTIFS($C$4:$BV$4,">="&$B52,$C$4:$BV$4,"<"&$C52)=0),"",SUMIFS($C$22:$BV$22,$C$4:$BV$4,">="&$B52,$C$4:$BV$4,"<"&$C52)/COUNTIFS($C$4:$BV$4,">="&$B52,$C$4:$BV$4,"<"&$C52)) -> 4.25
A53: =IF(OR(Milestones!$B9="",Milestones!$B10=""),"",Milestones!$B9&" → "&Milestones!$B10) -> CDR → TRR | B53: =IF($A53="","",Milestones!$E9) -> 46877 | C53: =IF($A53="","",Milestones!$E10) -> 47122 | D53: =IF($A53="","",MAX(0,($C53-$B53)/(365.25/12))) -> 8.0492813 | E53: =IF($A53="","",SUMIFS($C$11:$BV$11,$C$4:$BV$4,">="&$B53,$C$4:$BV$4,"<"&$C53)) -> 2576.731 | F53: =IF(OR($A53="",N($D53)=0),"",$E53/Inputs!$B$6/$D53) -> 2.0520474 | G53: =IF(OR($A53="",COUNTIFS($C$4:$BV$4,">="&$B53,$C$4:$BV$4,"<"&$C53)=0),"",SUMIFS($C$22:$BV$22,$C$4:$BV$4,">="&$B53,$C$4:$BV$4,"<"&$C53)/COUNTIFS($C$4:$BV$4,">="&$B53,$C$4:$BV$4,"<"&$C53)) -> 2.3125
A54: =IF(OR(Milestones!$B10="",Milestones!$B11=""),"",Milestones!$B10&" → "&Milestones!$B11) -> TRR → Test Start | B54: =IF($A54="","",Milestones!$E10) -> 47122 | C54: =IF($A54="","",Milestones!$E11) -> 47153 | D54: =IF($A54="","",MAX(0,($C54-$B54)/(365.25/12))) -> 1.0184805 | E54: =IF($A54="","",SUMIFS($C$11:$BV$11,$C$4:$BV$4,">="&$B54,$C$4:$BV$4,"<"&$C54)) -> 308.99698 | F54: =IF(OR($A54="",N($D54)=0),"",$E54/Inputs!$B$6/$D54) -> 1.9448088 | G54: =IF(OR($A54="",COUNTIFS($C$4:$BV$4,">="&$B54,$C$4:$BV$4,"<"&$C54)=0),"",SUMIFS($C$22:$BV$22,$C$4:$BV$4,">="&$B54,$C$4:$BV$4,"<"&$C54)/COUNTIFS($C$4:$BV$4,">="&$B54,$C$4:$BV$4,"<"&$C54)) -> 2
A55: =IF(OR(Milestones!$B11="",Milestones!$B12=""),"",Milestones!$B11&" → "&Milestones!$B12) -> Test Start → Test Complete | B55: =IF($A55="","",Milestones!$E11) -> 47153 | C55: =IF($A55="","",Milestones!$E12) -> 47334 | D55: =IF($A55="","",MAX(0,($C55-$B55)/(365.25/12))) -> 5.9466119 | E55: =IF($A55="","",SUMIFS($C$11:$BV$11,$C$4:$BV$4,">="&$B55,$C$4:$BV$4,"<"&$C55)) -> 1781.507 | F55: =IF(OR($A55="",N($D55)=0),"",$E55/Inputs!$B$6/$D55) -> 1.9204072 | G55: =IF(OR($A55="",COUNTIFS($C$4:$BV$4,">="&$B55,$C$4:$BV$4,"<"&$C55)=0),"",SUMIFS($C$22:$BV$22,$C$4:$BV$4,">="&$B55,$C$4:$BV$4,"<"&$C55)/COUNTIFS($C$4:$BV$4,">="&$B55,$C$4:$BV$4,"<"&$C55)) -> 2
A56: =IF(OR(Milestones!$B12="",Milestones!$B13=""),"",Milestones!$B12&" → "&Milestones!$B13) -> Test Complete → SAR Submittal | B56: =IF($A56="","",Milestones!$E12) -> 47334 | C56: =IF($A56="","",Milestones!$E13) -> 47395 | D56: =IF($A56="","",MAX(0,($C56-$B56)/(365.25/12))) -> 2.0041068 | E56: =IF($A56="","",SUMIFS($C$11:$BV$11,$C$4:$BV$4,">="&$B56,$C$4:$BV$4,"<"&$C56)) -> 428.03371 | F56: =IF(OR($A56="",N($D56)=0),"",$E56/Inputs!$B$6/$D56) -> 1.3690916 | G56: =IF(OR($A56="",COUNTIFS($C$4:$BV$4,">="&$B56,$C$4:$BV$4,"<"&$C56)=0),"",SUMIFS($C$22:$BV$22,$C$4:$BV$4,">="&$B56,$C$4:$BV$4,"<"&$C56)/COUNTIFS($C$4:$BV$4,">="&$B56,$C$4:$BV$4,"<"&$C56)) -> 1.75
A57: =IF(OR(Milestones!$B13="",Milestones!$B14=""),"",Milestones!$B13&" → "&Milestones!$B14) -> SAR Submittal → Program End | B57: =IF($A57="","",Milestones!$E13) -> 47395 | C57: =IF($A57="","",Milestones!$E14) -> 47483 | D57: =IF($A57="","",MAX(0,($C57-$B57)/(365.25/12))) -> 2.8911704 | E57: =IF($A57="","",SUMIFS($C$11:$BV$11,$C$4:$BV$4,">="&$B57,$C$4:$BV$4,"<"&$C57)) -> 263.45272 | F57: =IF(OR($A57="",N($D57)=0),"",$E57/Inputs!$B$6/$D57) -> 0.58412311 | G57: =IF(OR($A57="",COUNTIFS($C$4:$BV$4,">="&$B57,$C$4:$BV$4,"<"&$C57)=0),"",SUMIFS($C$22:$BV$22,$C$4:$BV$4,">="&$B57,$C$4:$BV$4,"<"&$C57)/COUNTIFS($C$4:$BV$4,">="&$B57,$C$4:$BV$4,"<"&$C57)) -> 1
A58: =IF(OR(Milestones!$B14="",Milestones!$B15=""),"",Milestones!$B14&" → "&Milestones!$B15) | B58: =IF($A58="","",Milestones!$E14) | C58: =IF($A58="","",Milestones!$E15) | D58: =IF($A58="","",MAX(0,($C58-$B58)/(365.25/12))) | E58: =IF($A58="","",SUMIFS($C$11:$BV$11,$C$4:$BV$4,">="&$B58,$C$4:$BV$4,"<"&$C58)) | F58: =IF(OR($A58="",N($D58)=0),"",$E58/Inputs!$B$6/$D58) | G58: =IF(OR($A58="",COUNTIFS($C$4:$BV$4,">="&$B58,$C$4:$BV$4,"<"&$C58)=0),"",SUMIFS($C$22:$BV$22,$C$4:$BV$4,">="&$B58,$C$4:$BV$4,"<"&$C58)/COUNTIFS($C$4:$BV$4,">="&$B58,$C$4:$BV$4,"<"&$C58))
A59: =IF(OR(Milestones!$B15="",Milestones!$B16=""),"",Milestones!$B15&" → "&Milestones!$B16) | B59: =IF($A59="","",Milestones!$E15) | C59: =IF($A59="","",Milestones!$E16) | D59: =IF($A59="","",MAX(0,($C59-$B59)/(365.25/12))) | E59: =IF($A59="","",SUMIFS($C$11:$BV$11,$C$4:$BV$4,">="&$B59,$C$4:$BV$4,"<"&$C59)) | F59: =IF(OR($A59="",N($D59)=0),"",$E59/Inputs!$B$6/$D59) | G59: =IF(OR($A59="",COUNTIFS($C$4:$BV$4,">="&$B59,$C$4:$BV$4,"<"&$C59)=0),"",SUMIFS($C$22:$BV$22,$C$4:$BV$4,">="&$B59,$C$4:$BV$4,"<"&$C59)/COUNTIFS($C$4:$BV$4,">="&$B59,$C$4:$BV$4,"<"&$C59))
A60: =IF(OR(Milestones!$B16="",Milestones!$B17=""),"",Milestones!$B16&" → "&Milestones!$B17) | B60: =IF($A60="","",Milestones!$E16) | C60: =IF($A60="","",Milestones!$E17) | D60: =IF($A60="","",MAX(0,($C60-$B60)/(365.25/12))) | E60: =IF($A60="","",SUMIFS($C$11:$BV$11,$C$4:$BV$4,">="&$B60,$C$4:$BV$4,"<"&$C60)) | F60: =IF(OR($A60="",N($D60)=0),"",$E60/Inputs!$B$6/$D60) | G60: =IF(OR($A60="",COUNTIFS($C$4:$BV$4,">="&$B60,$C$4:$BV$4,"<"&$C60)=0),"",SUMIFS($C$22:$BV$22,$C$4:$BV$4,">="&$B60,$C$4:$BV$4,"<"&$C60)/COUNTIFS($C$4:$BV$4,">="&$B60,$C$4:$BV$4,"<"&$C60))
... A77: =IF(OR(Milestones!$B33="",Milestones!$B34=""),"",Milestones!$B33&" → "&Milestones!$B34) | B77: =IF($A77="","",Milestones!$E33) | C77: =IF($A77="","",Milestones!$E34) | D77: =IF($A77="","",MAX(0,($C77-$B77)/(365.25/12))) | E77: =IF($A77="","",SUMIFS($C$11:$BV$11,$C$4:$BV$4,">="&$B77,$C$4:$BV$4,"<"&$C77)) | F77: =IF(OR($A77="",N($D77)=0),"",$E77/Inputs!$B$6/$D77) | G77: =IF(OR($A77="",COUNTIFS($C$4:$BV$4,">="&$B77,$C$4:$BV$4,"<"&$C77)=0),"",SUMIFS($C$22:$BV$22,$C$4:$BV$4,">="&$B77,$C$4:$BV$4,"<"&$C77)/COUNTIFS($C$4:$BV$4,">="&$B77,$C$4:$BV$4,"<"&$C77))
A78: Phases are formed from consecutive rows on the Milestones sheet, so keep milestones in date order there. A month is counted in the phase whose window contains the 1st of that month.
A80: G. STAFFING PROFILE CHART (stacked raw FTE by role; line = proposed headcount)

Sheet CDRL
A1: CDRL / Deliverables view — generated from BOE, Milestones and Inputs (nothing on those sheets is changed)
A2: Inputs on this sheet only: the reporting switch (B4), CDRL numbers (columns F–G), DID (E), submittals (J), draft lead (K), and the due-milestone override (M).
A4: Hazard analysis reporting | B4: Combined | C4: Combined = all hazard analyses (201–210 except HHA) delivered as one System Safety Hazard Analysis Report (DI-SAFT-80101). Separate = one CDRL per analysis.
A7: Task | B7: Title (from BOE) | C7: Tasked | D7: Deliverable type | E7: DID | F7: CDRL # (Combined) | G7: CDRL # (Separate) | H7: CDRL # in use | I7: Due milestone (from BOE end) | J7: Submittals (draft/final/updates) | K7: Draft lead (weeks before due) | L7: Due date | M7: Due milestone override | N7: Draft due date | O7: P50 hours | P7: P90 hours
A8: 101 | B8: =IF($A8="","",IFERROR(INDEX(BOE!$C$6:$C$60,MATCH($A8,BOE!$A$6:$A$60,0)),"not in BOE")) -> Hazard identification & mitigation effort using the system safety methodology (program execution) | C8: =IF($A8="","",IFERROR(INDEX(BOE!$E$6:$E$60,MATCH($A8,BOE!$A$6:$A$60,0)),"")) -> Y | D8: Effort only | H8: =IF($A8="","",IF($B$4="Separate",IF($G8="","",$G8),IF($F8="","",$F8))) | I8: =IF($A8="","",IFERROR(INDEX(BOE!$M$6:$M$60,MATCH($A8,BOE!$A$6:$A$60,0)),"")) -> Program End | L8: =IF($A8="","",IFERROR(INDEX(Milestones!$E$5:$E$34,MATCH(IF($M8<>"",$M8,$I8),Milestones!$B$5:$B$34,0))+IFERROR(INDEX(BOE!$N$6:$N$60,MATCH($A8,BOE!$A$6:$A$60,0)),0)*7*($M8=""),"")) -> 47483 | N8: =IF(OR($L8="",N($K8)=0),"",$L8-$K8*7) | O8: =IF($A8="","",IFERROR(INDEX(BOE!$R$6:$R$60,MATCH($A8,BOE!$A$6:$A$60,0)),0)) -> 717.53593 | P8: =IF($A8="","",IFERROR(INDEX(BOE!$T$6:$T$60,MATCH($A8,BOE!$A$6:$A$60,0)),0)) -> 1076.3039
A9: 102 | B9: =IF($A9="","",IFERROR(INDEX(BOE!$C$6:$C$60,MATCH($A9,BOE!$A$6:$A$60,0)),"not in BOE")) -> System Safety Program Plan (SSPP) | C9: =IF($A9="","",IFERROR(INDEX(BOE!$E$6:$E$60,MATCH($A9,BOE!$A$6:$A$60,0)),"")) -> Y | D9: CDRL | E9: DI-SAFT-81626 System Safety Program Plan | F9: A001 | G9: A001 | H9: =IF($A9="","",IF($B$4="Separate",IF($G9="","",$G9),IF($F9="","",$F9))) -> A001 | I9: =IF($A9="","",IFERROR(INDEX(BOE!$M$6:$M$60,MATCH($A9,BOE!$A$6:$A$60,0)),"")) -> SRR | J9: 2 | K9: 4 | L9: =IF($A9="","",IFERROR(INDEX(Milestones!$E$5:$E$34,MATCH(IF($M9<>"",$M9,$I9),Milestones!$B$5:$B$34,0))+IFERROR(INDEX(BOE!$N$6:$N$60,MATCH($A9,BOE!$A$6:$A$60,0)),0)*7*($M9=""),"")) -> 46481 | N9: =IF(OR($L9="",N($K9)=0),"",$L9-$K9*7) -> 46453 | O9: =IF($A9="","",IFERROR(INDEX(BOE!$R$6:$R$60,MATCH($A9,BOE!$A$6:$A$60,0)),0)) -> 320 | P9: =IF($A9="","",IFERROR(INDEX(BOE!$T$6:$T$60,MATCH($A9,BOE!$A$6:$A$60,0)),0)) -> 480
A10: 103 | B10: =IF($A10="","",IFERROR(INDEX(BOE!$C$6:$C$60,MATCH($A10,BOE!$A$6:$A$60,0)),"not in BOE")) -> Hazard Management Plan (HMP) — other functional disciplines | C10: =IF($A10="","",IFERROR(INDEX(BOE!$E$6:$E$60,MATCH($A10,BOE!$A$6:$A$60,0)),"")) -> N | D10: CDRL | E10: DI-SAFT-81626 (tailored) Hazard Management Plan | F10: A001 | G10: A001 | H10: =IF($A10="","",IF($B$4="Separate",IF($G10="","",$G10),IF($F10="","",$F10))) -> A001 | I10: =IF($A10="","",IFERROR(INDEX(BOE!$M$6:$M$60,MATCH($A10,BOE!$A$6:$A$60,0)),"")) -> SRR | J10: 2 | K10: 4 | L10: =IF($A10="","",IFERROR(INDEX(Milestones!$E$5:$E$34,MATCH(IF($M10<>"",$M10,$I10),Milestones!$B$5:$B$34,0))+IFERROR(INDEX(BOE!$N$6:$N$60,MATCH($A10,BOE!$A$6:$A$60,0)),0)*7*($M10=""),"")) -> 46481 | N10: =IF(OR($L10="",N($K10)=0),"",$L10-$K10*7) -> 46453 | O10: =IF($A10="","",IFERROR(INDEX(BOE!$R$6:$R$60,MATCH($A10,BOE!$A$6:$A$60,0)),0)) -> 0 | P10: =IF($A10="","",IFERROR(INDEX(BOE!$T$6:$T$60,MATCH($A10,BOE!$A$6:$A$60,0)),0)) -> 0
A11: 104 | B11: =IF($A11="","",IFERROR(INDEX(BOE!$C$6:$C$60,MATCH($A11,BOE!$A$6:$A$60,0)),"not in BOE")) -> Support of Government reviews / audits / boards | C11: =IF($A11="","",IFERROR(INDEX(BOE!$E$6:$E$60,MATCH($A11,BOE!$A$6:$A$60,0)),"")) -> Y | D11: Effort only | H11: =IF($A11="","",IF($B$4="Separate",IF($G11="","",$G11),IF($F11="","",$F11))) | I11: =IF($A11="","",IFERROR(INDEX(BOE!$M$6:$M$60,MATCH($A11,BOE!$A$6:$A$60,0)),"")) -> Program End | L11: =IF($A11="","",IFERROR(INDEX(Milestones!$E$5:$E$34,MATCH(IF($M11<>"",$M11,$I11),Milestones!$B$5:$B$34,0))+IFERROR(INDEX(BOE!$N$6:$N$60,MATCH($A11,BOE!$A$6:$A$60,0)),0)*7*($M11=""),"")) -> 47483 | N11: =IF(OR($L11="",N($K11)=0),"",$L11-$K11*7) | O11: =IF($A11="","",IFERROR(INDEX(BOE!$R$6:$R$60,MATCH($A11,BOE!$A$6:$A$60,0)),0)) -> 240 | P11: =IF($A11="","",IFERROR(INDEX(BOE!$T$6:$T$60,MATCH($A11,BOE!$A$6:$A$60,0)),0)) -> 360
A12: 105 | B12: =IF($A12="","",IFERROR(INDEX(BOE!$C$6:$C$60,MATCH($A12,BOE!$A$6:$A$60,0)),"not in BOE")) -> Integrated Product Team / Working Group support | C12: =IF($A12="","",IFERROR(INDEX(BOE!$E$6:$E$60,MATCH($A12,BOE!$A$6:$A$60,0)),"")) -> Y | D12: Effort only | H12: =IF($A12="","",IF($B$4="Separate",IF($G12="","",$G12),IF($F12="","",$F12))) | I12: =IF($A12="","",IFERROR(INDEX(BOE!$M$6:$M$60,MATCH($A12,BOE!$A$6:$A$60,0)),"")) -> Program End | L12: =IF($A12="","",IFERROR(INDEX(Milestones!$E$5:$E$34,MATCH(IF($M12<>"",$M12,$I12),Milestones!$B$5:$B$34,0))+IFERROR(INDEX(BOE!$N$6:$N$60,MATCH($A12,BOE!$A$6:$A$60,0)),0)*7*($M12=""),"")) -> 47483 | N12: =IF(OR($L12="",N($K12)=0),"",$L12-$K12*7) | O12: =IF($A12="","",IFERROR(INDEX(BOE!$R$6:$R$60,MATCH($A12,BOE!$A$6:$A$60,0)),0)) -> 430.52156 | P12: =IF($A12="","",IFERROR(INDEX(BOE!$T$6:$T$60,MATCH($A12,BOE!$A$6:$A$60,0)),0)) -> 645.78234
A13: 106a | B13: =IF($A13="","",IFERROR(INDEX(BOE!$C$6:$C$60,MATCH($A13,BOE!$A$6:$A$60,0)),"not in BOE")) -> Hazard Tracking System — establish | C13: =IF($A13="","",IFERROR(INDEX(BOE!$E$6:$E$60,MATCH($A13,BOE!$A$6:$A$60,0)),"")) -> Y | D13: Data access | E13: Hazard Tracking System (Govt access per 106.2.1) | H13: =IF($A13="","",IF($B$4="Separate",IF($G13="","",$G13),IF($F13="","",$F13))) | I13: =IF($A13="","",IFERROR(INDEX(BOE!$M$6:$M$60,MATCH($A13,BOE!$A$6:$A$60,0)),"")) -> SRR | L13: =IF($A13="","",IFERROR(INDEX(Milestones!$E$5:$E$34,MATCH(IF($M13<>"",$M13,$I13),Milestones!$B$5:$B$34,0))+IFERROR(INDEX(BOE!$N$6:$N$60,MATCH($A13,BOE!$A$6:$A$60,0)),0)*7*($M13=""),"")) -> 46481 | N13: =IF(OR($L13="",N($K13)=0),"",$L13-$K13*7) | O13: =IF($A13="","",IFERROR(INDEX(BOE!$R$6:$R$60,MATCH($A13,BOE!$A$6:$A$60,0)),0)) -> 120 | P13: =IF($A13="","",IFERROR(INDEX(BOE!$T$6:$T$60,MATCH($A13,BOE!$A$6:$A$60,0)),0)) -> 180
A14: 106b | B14: =IF($A14="","",IFERROR(INDEX(BOE!$C$6:$C$60,MATCH($A14,BOE!$A$6:$A$60,0)),"not in BOE")) -> Hazard Tracking System — maintain | C14: =IF($A14="","",IFERROR(INDEX(BOE!$E$6:$E$60,MATCH($A14,BOE!$A$6:$A$60,0)),"")) -> Y | D14: Data access | E14: Hazard Tracking System (Govt access per 106.2.1) | H14: =IF($A14="","",IF($B$4="Separate",IF($G14="","",$G14),IF($F14="","",$F14))) | I14: =IF($A14="","",IFERROR(INDEX(BOE!$M$6:$M$60,MATCH($A14,BOE!$A$6:$A$60,0)),"")) -> Program End | L14: =IF($A14="","",IFERROR(INDEX(Milestones!$E$5:$E$34,MATCH(IF($M14<>"",$M14,$I14),Milestones!$B$5:$B$34,0))+IFERROR(INDEX(BOE!$N$6:$N$60,MATCH($A14,BOE!$A$6:$A$60,0)),0)*7*($M14=""),"")) -> 47483 | N14: =IF(OR($L14="",N($K14)=0),"",$L14-$K14*7) | O14: =IF($A14="","",IFERROR(INDEX(BOE!$R$6:$R$60,MATCH($A14,BOE!$A$6:$A$60,0)),0)) -> 263.35934 | P14: =IF($A14="","",IFERROR(INDEX(BOE!$T$6:$T$60,MATCH($A14,BOE!$A$6:$A$60,0)),0)) -> 395.03901
A15: 107 | B15: =IF($A15="","",IFERROR(INDEX(BOE!$C$6:$C$60,MATCH($A15,BOE!$A$6:$A$60,0)),"not in BOE")) -> Hazard Management Progress Report | C15: =IF($A15="","",IFERROR(INDEX(BOE!$E$6:$E$60,MATCH($A15,BOE!$A$6:$A$60,0)),"")) -> Y | D15: CDRL (recurring) | E15: DI-SAFT-80105 System Safety Program Progress Report | F15: A004 | G15: A004 | H15: =IF($A15="","",IF($B$4="Separate",IF($G15="","",$G15),IF($F15="","",$F15))) -> A004 | I15: =IF($A15="","",IFERROR(INDEX(BOE!$M$6:$M$60,MATCH($A15,BOE!$A$6:$A$60,0)),"")) -> Program End | L15: =IF($A15="","",IFERROR(INDEX(Milestones!$E$5:$E$34,MATCH(IF($M15<>"",$M15,$I15),Milestones!$B$5:$B$34,0))+IFERROR(INDEX(BOE!$N$6:$N$60,MATCH($A15,BOE!$A$6:$A$60,0)),0)*7*($M15=""),"")) -> 47483 | N15: =IF(OR($L15="",N($K15)=0),"",$L15-$K15*7) | O15: =IF($A15="","",IFERROR(INDEX(BOE!$R$6:$R$60,MATCH($A15,BOE!$A$6:$A$60,0)),0)) -> 143.50719 | P15: =IF($A15="","",IFERROR(INDEX(BOE!$T$6:$T$60,MATCH($A15,BOE!$A$6:$A$60,0)),0)) -> 215.26078
A16: 108 | B16: =IF($A16="","",IFERROR(INDEX(BOE!$C$6:$C$60,MATCH($A16,BOE!$A$6:$A$60,0)),"not in BOE")) -> Hazardous Materials Management Plan (HMMP) | C16: =IF($A16="","",IFERROR(INDEX(BOE!$E$6:$E$60,MATCH($A16,BOE!$A$6:$A$60,0)),"")) -> Y | D16: CDRL | E16: DI-MGMT-81398 Hazardous Materials Management Program Report | F16: A008 | G16: A008 | H16: =IF($A16="","",IF($B$4="Separate",IF($G16="","",$G16),IF($F16="","",$F16))) -> A008 | I16: =IF($A16="","",IFERROR(INDEX(BOE!$M$6:$M$60,MATCH($A16,BOE!$A$6:$A$60,0)),"")) -> PDR | J16: 2 | K16: 4 | L16: =IF($A16="","",IFERROR(INDEX(Milestones!$E$5:$E$34,MATCH(IF($M16<>"",$M16,$I16),Milestones!$B$5:$B$34,0))+IFERROR(INDEX(BOE!$N$6:$N$60,MATCH($A16,BOE!$A$6:$A$60,0)),0)*7*($M16=""),"")) -> 46695 | N16: =IF(OR($L16="",N($K16)=0),"",$L16-$K16*7) -> 46667 | O16: =IF($A16="","",IFERROR(INDEX(BOE!$R$6:$R$60,MATCH($A16,BOE!$A$6:$A$60,0)),0)) -> 200 | P16: =IF($A16="","",IFERROR(INDEX(BOE!$T$6:$T$60,MATCH($A16,BOE!$A$6:$A$60,0)),0)) -> 300
A17: 201 | B17: =IF($A17="","",IFERROR(INDEX(BOE!$C$6:$C$60,MATCH($A17,BOE!$A$6:$A$60,0)),"not in BOE")) -> Preliminary Hazard List (PHL) | C17: =IF($A17="","",IFERROR(INDEX(BOE!$E$6:$E$60,MATCH($A17,BOE!$A$6:$A$60,0)),"")) -> Y | D17: CDRL | E17: DI-SAFT-80101 System Safety Hazard Analysis Report | F17: A002 | G17: A002-PHL | H17: =IF($A17="","",IF($B$4="Separate",IF($G17="","",$G17),IF($F17="","",$F17))) -> A002 | I17: =IF($A17="","",IFERROR(INDEX(BOE!$M$6:$M$60,MATCH($A17,BOE!$A$6:$A$60,0)),"")) -> SRR | J17: 1 | K17: 2 | L17: =IF($A17="","",IFERROR(INDEX(Milestones!$E$5:$E$34,MATCH(IF($M17<>"",$M17,$I17),Milestones!$B$5:$B$34,0))+IFERROR(INDEX(BOE!$N$6:$N$60,MATCH($A17,BOE!$A$6:$A$60,0)),0)*7*($M17=""),"")) -> 46481 | N17: =IF(OR($L17="",N($K17)=0),"",$L17-$K17*7) -> 46467 | O17: =IF($A17="","",IFERROR(INDEX(BOE!$R$6:$R$60,MATCH($A17,BOE!$A$6:$A$60,0)),0)) -> 160 | P17: =IF($A17="","",IFERROR(INDEX(BOE!$T$6:$T$60,MATCH($A17,BOE!$A$6:$A$60,0)),0)) -> 240
A18: 202 | B18: =IF($A18="","",IFERROR(INDEX(BOE!$C$6:$C$60,MATCH($A18,BOE!$A$6:$A$60,0)),"not in BOE")) -> Preliminary Hazard Analysis (PHA) | C18: =IF($A18="","",IFERROR(INDEX(BOE!$E$6:$E$60,MATCH($A18,BOE!$A$6:$A$60,0)),"")) -> Y | D18: CDRL | E18: DI-SAFT-80101 System Safety Hazard Analysis Report | F18: A002 | G18: A002-PHA | H18: =IF($A18="","",IF($B$4="Separate",IF($G18="","",$G18),IF($F18="","",$F18))) -> A002 | I18: =IF($A18="","",IFERROR(INDEX(BOE!$M$6:$M$60,MATCH($A18,BOE!$A$6:$A$60,0)),"")) -> SFR | J18: 2 | K18: 4 | L18: =IF($A18="","",IFERROR(INDEX(Milestones!$E$5:$E$34,MATCH(IF($M18<>"",$M18,$I18),Milestones!$B$5:$B$34,0))+IFERROR(INDEX(BOE!$N$6:$N$60,MATCH($A18,BOE!$A$6:$A$60,0)),0)*7*($M18=""),"")) -> 46600 | N18: =IF(OR($L18="",N($K18)=0),"",$L18-$K18*7) -> 46572 | O18: =IF($A18="","",IFERROR(INDEX(BOE!$R$6:$R$60,MATCH($A18,BOE!$A$6:$A$60,0)),0)) -> 480 | P18: =IF($A18="","",IFERROR(INDEX(BOE!$T$6:$T$60,MATCH($A18,BOE!$A$6:$A$60,0)),0)) -> 720
A19: 203 | B19: =IF($A19="","",IFERROR(INDEX(BOE!$C$6:$C$60,MATCH($A19,BOE!$A$6:$A$60,0)),"not in BOE")) -> System Requirements Hazard Analysis (SRHA) | C19: =IF($A19="","",IFERROR(INDEX(BOE!$E$6:$E$60,MATCH($A19,BOE!$A$6:$A$60,0)),"")) -> Y | D19: CDRL | E19: DI-SAFT-80101 System Safety Hazard Analysis Report | F19: A002 | G19: A002-SRHA | H19: =IF($A19="","",IF($B$4="Separate",IF($G19="","",$G19),IF($F19="","",$F19))) -> A002 | I19: =IF($A19="","",IFERROR(INDEX(BOE!$M$6:$M$60,MATCH($A19,BOE!$A$6:$A$60,0)),"")) -> CDR | J19: 3 | K19: 4 | L19: =IF($A19="","",IFERROR(INDEX(Milestones!$E$5:$E$34,MATCH(IF($M19<>"",$M19,$I19),Milestones!$B$5:$B$34,0))+IFERROR(INDEX(BOE!$N$6:$N$60,MATCH($A19,BOE!$A$6:$A$60,0)),0)*7*($M19=""),"")) -> 46877 | N19: =IF(OR($L19="",N($K19)=0),"",$L19-$K19*7) -> 46849 | O19: =IF($A19="","",IFERROR(INDEX(BOE!$R$6:$R$60,MATCH($A19,BOE!$A$6:$A$60,0)),0)) -> 520 | P19: =IF($A19="","",IFERROR(INDEX(BOE!$T$6:$T$60,MATCH($A19,BOE!$A$6:$A$60,0)),0)) -> 780
A20: 204 | B20: =IF($A20="","",IFERROR(INDEX(BOE!$C$6:$C$60,MATCH($A20,BOE!$A$6:$A$60,0)),"not in BOE")) -> Subsystem Hazard Analysis (SSHA) | C20: =IF($A20="","",IFERROR(INDEX(BOE!$E$6:$E$60,MATCH($A20,BOE!$A$6:$A$60,0)),"")) -> Y | D20: CDRL | E20: DI-SAFT-80101 System Safety Hazard Analysis Report | F20: A002 | G20: A002-SSHA | H20: =IF($A20="","",IF($B$4="Separate",IF($G20="","",$G20),IF($F20="","",$F20))) -> A002 | I20: =IF($A20="","",IFERROR(INDEX(BOE!$M$6:$M$60,MATCH($A20,BOE!$A$6:$A$60,0)),"")) -> CDR | J20: 3 | K20: 4 | L20: =IF($A20="","",IFERROR(INDEX(Milestones!$E$5:$E$34,MATCH(IF($M20<>"",$M20,$I20),Milestones!$B$5:$B$34,0))+IFERROR(INDEX(BOE!$N$6:$N$60,MATCH($A20,BOE!$A$6:$A$60,0)),0)*7*($M20=""),"")) -> 46905 | N20: =IF(OR($L20="",N($K20)=0),"",$L20-$K20*7) -> 46877 | O20: =IF($A20="","",IFERROR(INDEX(BOE!$R$6:$R$60,MATCH($A20,BOE!$A$6:$A$60,0)),0)) -> 1872 | P20: =IF($A20="","",IFERROR(INDEX(BOE!$T$6:$T$60,MATCH($A20,BOE!$A$6:$A$60,0)),0)) -> 2808
A21: 205 | B21: =IF($A21="","",IFERROR(INDEX(BOE!$C$6:$C$60,MATCH($A21,BOE!$A$6:$A$60,0)),"not in BOE")) -> System Hazard Analysis (SHA) | C21: =IF($A21="","",IFERROR(INDEX(BOE!$E$6:$E$60,MATCH($A21,BOE!$A$6:$A$60,0)),"")) -> Y | D21: CDRL | E21: DI-SAFT-80101 System Safety Hazard Analysis Report | F21: A002 | G21: A002-SHA | H21: =IF($A21="","",IF($B$4="Separate",IF($G21="","",$G21),IF($F21="","",$F21))) -> A002 | I21: =IF($A21="","",IFERROR(INDEX(BOE!$M$6:$M$60,MATCH($A21,BOE!$A$6:$A$60,0)),"")) -> CDR | J21: 3 | K21: 4 | L21: =IF($A21="","",IFERROR(INDEX(Milestones!$E$5:$E$34,MATCH(IF($M21<>"",$M21,$I21),Milestones!$B$5:$B$34,0))+IFERROR(INDEX(BOE!$N$6:$N$60,MATCH($A21,BOE!$A$6:$A$60,0)),0)*7*($M21=""),"")) -> 46933 | N21: =IF(OR($L21="",N($K21)=0),"",$L21-$K21*7) -> 46905 | O21: =IF($A21="","",IFERROR(INDEX(BOE!$R$6:$R$60,MATCH($A21,BOE!$A$6:$A$60,0)),0)) -> 832 | P21: =IF($A21="","",IFERROR(INDEX(BOE!$T$6:$T$60,MATCH($A21,BOE!$A$6:$A$60,0)),0)) -> 1248
A22: 206 | B22: =IF($A22="","",IFERROR(INDEX(BOE!$C$6:$C$60,MATCH($A22,BOE!$A$6:$A$60,0)),"not in BOE")) -> Operating & Support Hazard Analysis (O&SHA) | C22: =IF($A22="","",IFERROR(INDEX(BOE!$E$6:$E$60,MATCH($A22,BOE!$A$6:$A$60,0)),"")) -> Y | D22: CDRL | E22: DI-SAFT-80101 System Safety Hazard Analysis Report | F22: A002 | G22: A002-OSHA | H22: =IF($A22="","",IF($B$4="Separate",IF($G22="","",$G22),IF($F22="","",$F22))) -> A002 | I22: =IF($A22="","",IFERROR(INDEX(BOE!$M$6:$M$60,MATCH($A22,BOE!$A$6:$A$60,0)),"")) -> TRR | J22: 2 | K22: 4 | L22: =IF($A22="","",IFERROR(INDEX(Milestones!$E$5:$E$34,MATCH(IF($M22<>"",$M22,$I22),Milestones!$B$5:$B$34,0))+IFERROR(INDEX(BOE!$N$6:$N$60,MATCH($A22,BOE!$A$6:$A$60,0)),0)*7*($M22=""),"")) -> 47122 | N22: =IF(OR($L22="",N($K22)=0),"",$L22-$K22*7) -> 47094 | O22: =IF($A22="","",IFERROR(INDEX(BOE!$R$6:$R$60,MATCH($A22,BOE!$A$6:$A$60,0)),0)) -> 480 | P22: =IF($A22="","",IFERROR(INDEX(BOE!$T$6:$T$60,MATCH($A22,BOE!$A$6:$A$60,0)),0)) -> 720
A23: 207 | B23: =IF($A23="","",IFERROR(INDEX(BOE!$C$6:$C$60,MATCH($A23,BOE!$A$6:$A$60,0)),"not in BOE")) -> Health Hazard Analysis (HHA) | C23: =IF($A23="","",IFERROR(INDEX(BOE!$E$6:$E$60,MATCH($A23,BOE!$A$6:$A$60,0)),"")) -> Y | D23: CDRL | E23: DI-SAFT-80106 Health Hazard Assessment Report | F23: A003 | G23: A003 | H23: =IF($A23="","",IF($B$4="Separate",IF($G23="","",$G23),IF($F23="","",$F23))) -> A003 | I23: =IF($A23="","",IFERROR(INDEX(BOE!$M$6:$M$60,MATCH($A23,BOE!$A$6:$A$60,0)),"")) -> CDR | J23: 2 | K23: 4 | L23: =IF($A23="","",IFERROR(INDEX(Milestones!$E$5:$E$34,MATCH(IF($M23<>"",$M23,$I23),Milestones!$B$5:$B$34,0))+IFERROR(INDEX(BOE!$N$6:$N$60,MATCH($A23,BOE!$A$6:$A$60,0)),0)*7*($M23=""),"")) -> 46877 | N23: =IF(OR($L23="",N($K23)=0),"",$L23-$K23*7) -> 46849 | O23: =IF($A23="","",IFERROR(INDEX(BOE!$R$6:$R$60,MATCH($A23,BOE!$A$6:$A$60,0)),0)) -> 280 | P23: =IF($A23="","",IFERROR(INDEX(BOE!$T$6:$T$60,MATCH($A23,BOE!$A$6:$A$60,0)),0)) -> 420
A24: 208 | B24: =IF($A24="","",IFERROR(INDEX(BOE!$C$6:$C$60,MATCH($A24,BOE!$A$6:$A$60,0)),"not in BOE")) -> Functional Hazard Analysis (FHA) | C24: =IF($A24="","",IFERROR(INDEX(BOE!$E$6:$E$60,MATCH($A24,BOE!$A$6:$A$60,0)),"")) -> Y | D24: CDRL | E24: DI-SAFT-80101 System Safety Hazard Analysis Report | F24: A002 | G24: A002-FHA | H24: =IF($A24="","",IF($B$4="Separate",IF($G24="","",$G24),IF($F24="","",$F24))) -> A002 | I24: =IF($A24="","",IFERROR(INDEX(BOE!$M$6:$M$60,MATCH($A24,BOE!$A$6:$A$60,0)),"")) -> PDR | J24: 2 | K24: 4 | L24: =IF($A24="","",IFERROR(INDEX(Milestones!$E$5:$E$34,MATCH(IF($M24<>"",$M24,$I24),Milestones!$B$5:$B$34,0))+IFERROR(INDEX(BOE!$N$6:$N$60,MATCH($A24,BOE!$A$6:$A$60,0)),0)*7*($M24=""),"")) -> 46695 | N24: =IF(OR($L24="",N($K24)=0),"",$L24-$K24*7) -> 46667 | O24: =IF($A24="","",IFERROR(INDEX(BOE!$R$6:$R$60,MATCH($A24,BOE!$A$6:$A$60,0)),0)) -> 520 | P24: =IF($A24="","",IFERROR(INDEX(BOE!$T$6:$T$60,MATCH($A24,BOE!$A$6:$A$60,0)),0)) -> 780
A25: 209 | B25: =IF($A25="","",IFERROR(INDEX(BOE!$C$6:$C$60,MATCH($A25,BOE!$A$6:$A$60,0)),"not in BOE")) -> System-of-Systems Hazard Analysis | C25: =IF($A25="","",IFERROR(INDEX(BOE!$E$6:$E$60,MATCH($A25,BOE!$A$6:$A$60,0)),"")) -> N | D25: CDRL | E25: DI-SAFT-80101 System Safety Hazard Analysis Report | F25: A002 | G25: A002-SoS | H25: =IF($A25="","",IF($B$4="Separate",IF($G25="","",$G25),IF($F25="","",$F25))) -> A002 | I25: =IF($A25="","",IFERROR(INDEX(BOE!$M$6:$M$60,MATCH($A25,BOE!$A$6:$A$60,0)),"")) -> CDR | J25: 2 | K25: 4 | L25: =IF($A25="","",IFERROR(INDEX(Milestones!$E$5:$E$34,MATCH(IF($M25<>"",$M25,$I25),Milestones!$B$5:$B$34,0))+IFERROR(INDEX(BOE!$N$6:$N$60,MATCH($A25,BOE!$A$6:$A$60,0)),0)*7*($M25=""),"")) -> 46877 | N25: =IF(OR($L25="",N($K25)=0),"",$L25-$K25*7) -> 46849 | O25: =IF($A25="","",IFERROR(INDEX(BOE!$R$6:$R$60,MATCH($A25,BOE!$A$6:$A$60,0)),0)) -> 0 | P25: =IF($A25="","",IFERROR(INDEX(BOE!$T$6:$T$60,MATCH($A25,BOE!$A$6:$A$60,0)),0)) -> 0
A26: 210 | B26: =IF($A26="","",IFERROR(INDEX(BOE!$C$6:$C$60,MATCH($A26,BOE!$A$6:$A$60,0)),"not in BOE")) -> Environmental Hazard Analysis (EHA) | C26: =IF($A26="","",IFERROR(INDEX(BOE!$E$6:$E$60,MATCH($A26,BOE!$A$6:$A$60,0)),"")) -> Y | D26: CDRL | E26: DI-SAFT-80101 System Safety Hazard Analysis Report | F26: A002 | G26: A002-EHA | H26: =IF($A26="","",IF($B$4="Separate",IF($G26="","",$G26),IF($F26="","",$F26))) -> A002 | I26: =IF($A26="","",IFERROR(INDEX(BOE!$M$6:$M$60,MATCH($A26,BOE!$A$6:$A$60,0)),"")) -> CDR | J26: 2 | K26: 4 | L26: =IF($A26="","",IFERROR(INDEX(Milestones!$E$5:$E$34,MATCH(IF($M26<>"",$M26,$I26),Milestones!$B$5:$B$34,0))+IFERROR(INDEX(BOE!$N$6:$N$60,MATCH($A26,BOE!$A$6:$A$60,0)),0)*7*($M26=""),"")) -> 46877 | N26: =IF(OR($L26="",N($K26)=0),"",$L26-$K26*7) -> 46849 | O26: =IF($A26="","",IFERROR(INDEX(BOE!$R$6:$R$60,MATCH($A26,BOE!$A$6:$A$60,0)),0)) -> 280 | P26: =IF($A26="","",IFERROR(INDEX(BOE!$T$6:$T$60,MATCH($A26,BOE!$A$6:$A$60,0)),0)) -> 420
A27: 301 | B27: =IF($A27="","",IFERROR(INDEX(BOE!$C$6:$C$60,MATCH($A27,BOE!$A$6:$A$60,0)),"not in BOE")) -> Safety Assessment Report (SAR) — ANCHOR | C27: =IF($A27="","",IFERROR(INDEX(BOE!$E$6:$E$60,MATCH($A27,BOE!$A$6:$A$60,0)),"")) -> Y | D27: CDRL | E27: DI-SAFT-80102 Safety Assessment Report | F27: A005 | G27: A005 | H27: =IF($A27="","",IF($B$4="Separate",IF($G27="","",$G27),IF($F27="","",$F27))) -> A005 | I27: =IF($A27="","",IFERROR(INDEX(BOE!$M$6:$M$60,MATCH($A27,BOE!$A$6:$A$60,0)),"")) -> SAR Submittal | J27: 2 | K27: 6 | L27: =IF($A27="","",IFERROR(INDEX(Milestones!$E$5:$E$34,MATCH(IF($M27<>"",$M27,$I27),Milestones!$B$5:$B$34,0))+IFERROR(INDEX(BOE!$N$6:$N$60,MATCH($A27,BOE!$A$6:$A$60,0)),0)*7*($M27=""),"")) -> 47395 | N27: =IF(OR($L27="",N($K27)=0),"",$L27-$K27*7) -> 47353 | O27: =IF($A27="","",IFERROR(INDEX(BOE!$R$6:$R$60,MATCH($A27,BOE!$A$6:$A$60,0)),0)) -> 800 | P27: =IF($A27="","",IFERROR(INDEX(BOE!$T$6:$T$60,MATCH($A27,BOE!$A$6:$A$60,0)),0)) -> 1200
A28: 302 | B28: =IF($A28="","",IFERROR(INDEX(BOE!$C$6:$C$60,MATCH($A28,BOE!$A$6:$A$60,0)),"not in BOE")) -> Hazard Management Assessment Report (HMAR) | C28: =IF($A28="","",IFERROR(INDEX(BOE!$E$6:$E$60,MATCH($A28,BOE!$A$6:$A$60,0)),"")) -> N | D28: CDRL | E28: DI-SAFT-80102 (tailored) Hazard Management Assessment Report | F28: A005 | G28: A005 | H28: =IF($A28="","",IF($B$4="Separate",IF($G28="","",$G28),IF($F28="","",$F28))) -> A005 | I28: =IF($A28="","",IFERROR(INDEX(BOE!$M$6:$M$60,MATCH($A28,BOE!$A$6:$A$60,0)),"")) -> SAR Submittal | J28: 2 | K28: 6 | L28: =IF($A28="","",IFERROR(INDEX(Milestones!$E$5:$E$34,MATCH(IF($M28<>"",$M28,$I28),Milestones!$B$5:$B$34,0))+IFERROR(INDEX(BOE!$N$6:$N$60,MATCH($A28,BOE!$A$6:$A$60,0)),0)*7*($M28=""),"")) -> 47395 | N28: =IF(OR($L28="",N($K28)=0),"",$L28-$K28*7) -> 47353 | O28: =IF($A28="","",IFERROR(INDEX(BOE!$R$6:$R$60,MATCH($A28,BOE!$A$6:$A$60,0)),0)) -> 0 | P28: =IF($A28="","",IFERROR(INDEX(BOE!$T$6:$T$60,MATCH($A28,BOE!$A$6:$A$60,0)),0)) -> 0
A29: 303 | B29: =IF($A29="","",IFERROR(INDEX(BOE!$C$6:$C$60,MATCH($A29,BOE!$A$6:$A$60,0)),"not in BOE")) -> Test & Evaluation participation | C29: =IF($A29="","",IFERROR(INDEX(BOE!$E$6:$E$60,MATCH($A29,BOE!$A$6:$A$60,0)),"")) -> Y | D29: Effort only | E29: Safety Releases are Govt documents; contractor input per 303.2.1 | H29: =IF($A29="","",IF($B$4="Separate",IF($G29="","",$G29),IF($F29="","",$F29))) | I29: =IF($A29="","",IFERROR(INDEX(BOE!$M$6:$M$60,MATCH($A29,BOE!$A$6:$A$60,0)),"")) -> Test Complete | L29: =IF($A29="","",IFERROR(INDEX(Milestones!$E$5:$E$34,MATCH(IF($M29<>"",$M29,$I29),Milestones!$B$5:$B$34,0))+IFERROR(INDEX(BOE!$N$6:$N$60,MATCH($A29,BOE!$A$6:$A$60,0)),0)*7*($M29=""),"")) -> 47362 | N29: =IF(OR($L29="",N($K29)=0),"",$L29-$K29*7) | O29: =IF($A29="","",IFERROR(INDEX(BOE!$R$6:$R$60,MATCH($A29,BOE!$A$6:$A$60,0)),0)) -> 640 | P29: =IF($A29="","",IFERROR(INDEX(BOE!$T$6:$T$60,MATCH($A29,BOE!$A$6:$A$60,0)),0)) -> 960
A30: 304 | B30: =IF($A30="","",IFERROR(INDEX(BOE!$C$6:$C$60,MATCH($A30,BOE!$A$6:$A$60,0)),"not in BOE")) -> Review of ECPs, change notices, deficiency reports, waivers | C30: =IF($A30="","",IFERROR(INDEX(BOE!$E$6:$E$60,MATCH($A30,BOE!$A$6:$A$60,0)),"")) -> Y | D30: CDRL (per event) | E30: DI-SAFT-80103 ECP System Safety Report / DI-SAFT-80104 Waiver-Deviation Report | F30: A006 | G30: A006 | H30: =IF($A30="","",IF($B$4="Separate",IF($G30="","",$G30),IF($F30="","",$F30))) -> A006 | I30: =IF($A30="","",IFERROR(INDEX(BOE!$M$6:$M$60,MATCH($A30,BOE!$A$6:$A$60,0)),"")) -> Program End | L30: =IF($A30="","",IFERROR(INDEX(Milestones!$E$5:$E$34,MATCH(IF($M30<>"",$M30,$I30),Milestones!$B$5:$B$34,0))+IFERROR(INDEX(BOE!$N$6:$N$60,MATCH($A30,BOE!$A$6:$A$60,0)),0)*7*($M30=""),"")) -> 47483 | N30: =IF(OR($L30="",N($K30)=0),"",$L30-$K30*7) | O30: =IF($A30="","",IFERROR(INDEX(BOE!$R$6:$R$60,MATCH($A30,BOE!$A$6:$A$60,0)),0)) -> 480 | P30: =IF($A30="","",IFERROR(INDEX(BOE!$T$6:$T$60,MATCH($A30,BOE!$A$6:$A$60,0)),0)) -> 720
A31: 401 | B31: =IF($A31="","",IFERROR(INDEX(BOE!$C$6:$C$60,MATCH($A31,BOE!$A$6:$A$60,0)),"not in BOE")) -> Safety Verification (tests, demonstrations, induced/simulated failures) | C31: =IF($A31="","",IFERROR(INDEX(BOE!$E$6:$E$60,MATCH($A31,BOE!$A$6:$A$60,0)),"")) -> Y | D31: CDRL | E31: DI-MISC-80370 Safety Engineering Analysis Report (safety verification results, 401.2.4) | F31: A007 | G31: A007 | H31: =IF($A31="","",IF($B$4="Separate",IF($G31="","",$G31),IF($F31="","",$F31))) -> A007 | I31: =IF($A31="","",IFERROR(INDEX(BOE!$M$6:$M$60,MATCH($A31,BOE!$A$6:$A$60,0)),"")) -> Test Complete | J31: 2 | K31: 4 | L31: =IF($A31="","",IFERROR(INDEX(Milestones!$E$5:$E$34,MATCH(IF($M31<>"",$M31,$I31),Milestones!$B$5:$B$34,0))+IFERROR(INDEX(BOE!$N$6:$N$60,MATCH($A31,BOE!$A$6:$A$60,0)),0)*7*($M31=""),"")) -> 47334 | N31: =IF(OR($L31="",N($K31)=0),"",$L31-$K31*7) -> 47306 | O31: =IF($A31="","",IFERROR(INDEX(BOE!$R$6:$R$60,MATCH($A31,BOE!$A$6:$A$60,0)),0)) -> 728 | P31: =IF($A31="","",IFERROR(INDEX(BOE!$T$6:$T$60,MATCH($A31,BOE!$A$6:$A$60,0)),0)) -> 1092
A32: 402 | B32: =IF($A32="","",IFERROR(INDEX(BOE!$C$6:$C$60,MATCH($A32,BOE!$A$6:$A$60,0)),"not in BOE")) -> Explosives Hazard Classification Data | C32: =IF($A32="","",IFERROR(INDEX(BOE!$E$6:$E$60,MATCH($A32,BOE!$A$6:$A$60,0)),"")) -> N | D32: CDRL | E32: DI-SAFT-81299 Explosive Hazard Classification Data | F32: A009 | G32: A009 | H32: =IF($A32="","",IF($B$4="Separate",IF($G32="","",$G32),IF($F32="","",$F32))) -> A009 | I32: =IF($A32="","",IFERROR(INDEX(BOE!$M$6:$M$60,MATCH($A32,BOE!$A$6:$A$60,0)),"")) -> TRR | J32: 1 | K32: 4 | L32: =IF($A32="","",IFERROR(INDEX(Milestones!$E$5:$E$34,MATCH(IF($M32<>"",$M32,$I32),Milestones!$B$5:$B$34,0))+IFERROR(INDEX(BOE!$N$6:$N$60,MATCH($A32,BOE!$A$6:$A$60,0)),0)*7*($M32=""),"")) -> 47122 | N32: =IF(OR($L32="",N($K32)=0),"",$L32-$K32*7) -> 47094 | O32: =IF($A32="","",IFERROR(INDEX(BOE!$R$6:$R$60,MATCH($A32,BOE!$A$6:$A$60,0)),0)) -> 0 | P32: =IF($A32="","",IFERROR(INDEX(BOE!$T$6:$T$60,MATCH($A32,BOE!$A$6:$A$60,0)),0)) -> 0
A33: 403 | B33: =IF($A33="","",IFERROR(INDEX(BOE!$C$6:$C$60,MATCH($A33,BOE!$A$6:$A$60,0)),"not in BOE")) -> Explosive Ordnance Disposal Data | C33: =IF($A33="","",IFERROR(INDEX(BOE!$E$6:$E$60,MATCH($A33,BOE!$A$6:$A$60,0)),"")) -> N | D33: CDRL | E33: DI-SAFT-80931 Explosive Ordnance Disposal Data | F33: A010 | G33: A010 | H33: =IF($A33="","",IF($B$4="Separate",IF($G33="","",$G33),IF($F33="","",$F33))) -> A010 | I33: =IF($A33="","",IFERROR(INDEX(BOE!$M$6:$M$60,MATCH($A33,BOE!$A$6:$A$60,0)),"")) -> TRR | J33: 1 | K33: 4 | L33: =IF($A33="","",IFERROR(INDEX(Milestones!$E$5:$E$34,MATCH(IF($M33<>"",$M33,$I33),Milestones!$B$5:$B$34,0))+IFERROR(INDEX(BOE!$N$6:$N$60,MATCH($A33,BOE!$A$6:$A$60,0)),0)*7*($M33=""),"")) -> 47122 | N33: =IF(OR($L33="",N($K33)=0),"",$L33-$K33*7) -> 47094 | O33: =IF($A33="","",IFERROR(INDEX(BOE!$R$6:$R$60,MATCH($A33,BOE!$A$6:$A$60,0)),0)) -> 0 | P33: =IF($A33="","",IFERROR(INDEX(BOE!$T$6:$T$60,MATCH($A33,BOE!$A$6:$A$60,0)),0)) -> 0
A34: SW-LOR | B34: =IF($A34="","",IFERROR(INDEX(BOE!$C$6:$C$60,MATCH($A34,BOE!$A$6:$A$60,0)),"not in BOE")) -> Software Level-of-Rigor tasks (Section 4.4, Table V) | C34: =IF($A34="","",IFERROR(INDEX(BOE!$E$6:$E$60,MATCH($A34,BOE!$A$6:$A$60,0)),"")) -> Y | D34: Evidence | E34: LOR analysis/test evidence; typically delivered inside A002/A007 | F34: A002 | G34: A002-LOR | H34: =IF($A34="","",IF($B$4="Separate",IF($G34="","",$G34),IF($F34="","",$F34))) -> A002 | I34: =IF($A34="","",IFERROR(INDEX(BOE!$M$6:$M$60,MATCH($A34,BOE!$A$6:$A$60,0)),"")) -> TRR | L34: =IF($A34="","",IFERROR(INDEX(Milestones!$E$5:$E$34,MATCH(IF($M34<>"",$M34,$I34),Milestones!$B$5:$B$34,0))+IFERROR(INDEX(BOE!$N$6:$N$60,MATCH($A34,BOE!$A$6:$A$60,0)),0)*7*($M34=""),"")) -> 47122 | N34: =IF(OR($L34="",N($K34)=0),"",$L34-$K34*7) | O34: =IF($A34="","",IFERROR(INDEX(BOE!$R$6:$R$60,MATCH($A34,BOE!$A$6:$A$60,0)),0)) -> 624 | P34: =IF($A34="","",IFERROR(INDEX(BOE!$T$6:$T$60,MATCH($A34,BOE!$A$6:$A$60,0)),0)) -> 936
A35: LOE-1 | B35: =IF($A35="","",IFERROR(INDEX(BOE!$C$6:$C$60,MATCH($A35,BOE!$A$6:$A$60,0)),"not in BOE")) -> System Safety Working Group meetings | C35: =IF($A35="","",IFERROR(INDEX(BOE!$E$6:$E$60,MATCH($A35,BOE!$A$6:$A$60,0)),"")) -> Y | D35: Effort only | H35: =IF($A35="","",IF($B$4="Separate",IF($G35="","",$G35),IF($F35="","",$F35))) | I35: =IF($A35="","",IFERROR(INDEX(BOE!$M$6:$M$60,MATCH($A35,BOE!$A$6:$A$60,0)),"")) -> Program End | L35: =IF($A35="","",IFERROR(INDEX(Milestones!$E$5:$E$34,MATCH(IF($M35<>"",$M35,$I35),Milestones!$B$5:$B$34,0))+IFERROR(INDEX(BOE!$N$6:$N$60,MATCH($A35,BOE!$A$6:$A$60,0)),0)*7*($M35=""),"")) -> 47483 | N35: =IF(OR($L35="",N($K35)=0),"",$L35-$K35*7) | O35: =IF($A35="","",IFERROR(INDEX(BOE!$R$6:$R$60,MATCH($A35,BOE!$A$6:$A$60,0)),0)) -> 287.01437 | P35: =IF($A35="","",IFERROR(INDEX(BOE!$T$6:$T$60,MATCH($A35,BOE!$A$6:$A$60,0)),0)) -> 430.52156
A36: LOE-2 | B36: =IF($A36="","",IFERROR(INDEX(BOE!$C$6:$C$60,MATCH($A36,BOE!$A$6:$A$60,0)),"not in BOE")) -> Design review safety data packages (SRR/PDR/CDR/TRR) | C36: =IF($A36="","",IFERROR(INDEX(BOE!$E$6:$E$60,MATCH($A36,BOE!$A$6:$A$60,0)),"")) -> Y | D36: Effort only | E36: Design review briefing packages (not a DID) | H36: =IF($A36="","",IF($B$4="Separate",IF($G36="","",$G36),IF($F36="","",$F36))) | I36: =IF($A36="","",IFERROR(INDEX(BOE!$M$6:$M$60,MATCH($A36,BOE!$A$6:$A$60,0)),"")) -> TRR | L36: =IF($A36="","",IFERROR(INDEX(Milestones!$E$5:$E$34,MATCH(IF($M36<>"",$M36,$I36),Milestones!$B$5:$B$34,0))+IFERROR(INDEX(BOE!$N$6:$N$60,MATCH($A36,BOE!$A$6:$A$60,0)),0)*7*($M36=""),"")) -> 47122 | N36: =IF(OR($L36="",N($K36)=0),"",$L36-$K36*7) | O36: =IF($A36="","",IFERROR(INDEX(BOE!$R$6:$R$60,MATCH($A36,BOE!$A$6:$A$60,0)),0)) -> 320 | P36: =IF($A36="","",IFERROR(INDEX(BOE!$T$6:$T$60,MATCH($A36,BOE!$A$6:$A$60,0)),0)) -> 480
A37: LOE-3 | B37: =IF($A37="","",IFERROR(INDEX(BOE!$C$6:$C$60,MATCH($A37,BOE!$A$6:$A$60,0)),"not in BOE")) -> Safety program management, BOE/EVM upkeep, travel | C37: =IF($A37="","",IFERROR(INDEX(BOE!$E$6:$E$60,MATCH($A37,BOE!$A$6:$A$60,0)),"")) -> Y | D37: Effort only | H37: =IF($A37="","",IF($B$4="Separate",IF($G37="","",$G37),IF($F37="","",$F37))) | I37: =IF($A37="","",IFERROR(INDEX(BOE!$M$6:$M$60,MATCH($A37,BOE!$A$6:$A$60,0)),"")) -> Program End | L37: =IF($A37="","",IFERROR(INDEX(Milestones!$E$5:$E$34,MATCH(IF($M37<>"",$M37,$I37),Milestones!$B$5:$B$34,0))+IFERROR(INDEX(BOE!$N$6:$N$60,MATCH($A37,BOE!$A$6:$A$60,0)),0)*7*($M37=""),"")) -> 47483 | N37: =IF(OR($L37="",N($K37)=0),"",$L37-$K37*7) | O37: =IF($A37="","",IFERROR(INDEX(BOE!$R$6:$R$60,MATCH($A37,BOE!$A$6:$A$60,0)),0)) -> 215.26078 | P37: =IF($A37="","",IFERROR(INDEX(BOE!$T$6:$T$60,MATCH($A37,BOE!$A$6:$A$60,0)),0)) -> 322.89117
B38: =IF($A38="","",IFERROR(INDEX(BOE!$C$6:$C$60,MATCH($A38,BOE!$A$6:$A$60,0)),"not in BOE")) | C38: =IF($A38="","",IFERROR(INDEX(BOE!$E$6:$E$60,MATCH($A38,BOE!$A$6:$A$60,0)),"")) | H38: =IF($A38="","",IF($B$4="Separate",IF($G38="","",$G38),IF($F38="","",$F38))) | I38: =IF($A38="","",IFERROR(INDEX(BOE!$M$6:$M$60,MATCH($A38,BOE!$A$6:$A$60,0)),"")) | L38: =IF($A38="","",IFERROR(INDEX(Milestones!$E$5:$E$34,MATCH(IF($M38<>"",$M38,$I38),Milestones!$B$5:$B$34,0))+IFERROR(INDEX(BOE!$N$6:$N$60,MATCH($A38,BOE!$A$6:$A$60,0)),0)*7*($M38=""),"")) | N38: =IF(OR($L38="",N($K38)=0),"",$L38-$K38*7) | O38: =IF($A38="","",IFERROR(INDEX(BOE!$R$6:$R$60,MATCH($A38,BOE!$A$6:$A$60,0)),0)) | P38: =IF($A38="","",IFERROR(INDEX(BOE!$T$6:$T$60,MATCH($A38,BOE!$A$6:$A$60,0)),0))
B39: =IF($A39="","",IFERROR(INDEX(BOE!$C$6:$C$60,MATCH($A39,BOE!$A$6:$A$60,0)),"not in BOE")) | C39: =IF($A39="","",IFERROR(INDEX(BOE!$E$6:$E$60,MATCH($A39,BOE!$A$6:$A$60,0)),"")) | H39: =IF($A39="","",IF($B$4="Separate",IF($G39="","",$G39),IF($F39="","",$F39))) | I39: =IF($A39="","",IFERROR(INDEX(BOE!$M$6:$M$60,MATCH($A39,BOE!$A$6:$A$60,0)),"")) | L39: =IF($A39="","",IFERROR(INDEX(Milestones!$E$5:$E$34,MATCH(IF($M39<>"",$M39,$I39),Milestones!$B$5:$B$34,0))+IFERROR(INDEX(BOE!$N$6:$N$60,MATCH($A39,BOE!$A$6:$A$60,0)),0)*7*($M39=""),"")) | N39: =IF(OR($L39="",N($K39)=0),"",$L39-$K39*7) | O39: =IF($A39="","",IFERROR(INDEX(BOE!$R$6:$R$60,MATCH($A39,BOE!$A$6:$A$60,0)),0)) | P39: =IF($A39="","",IFERROR(INDEX(BOE!$T$6:$T$60,MATCH($A39,BOE!$A$6:$A$60,0)),0))
B40: =IF($A40="","",IFERROR(INDEX(BOE!$C$6:$C$60,MATCH($A40,BOE!$A$6:$A$60,0)),"not in BOE")) | C40: =IF($A40="","",IFERROR(INDEX(BOE!$E$6:$E$60,MATCH($A40,BOE!$A$6:$A$60,0)),"")) | H40: =IF($A40="","",IF($B$4="Separate",IF($G40="","",$G40),IF($F40="","",$F40))) | I40: =IF($A40="","",IFERROR(INDEX(BOE!$M$6:$M$60,MATCH($A40,BOE!$A$6:$A$60,0)),"")) | L40: =IF($A40="","",IFERROR(INDEX(Milestones!$E$5:$E$34,MATCH(IF($M40<>"",$M40,$I40),Milestones!$B$5:$B$34,0))+IFERROR(INDEX(BOE!$N$6:$N$60,MATCH($A40,BOE!$A$6:$A$60,0)),0)*7*($M40=""),"")) | N40: =IF(OR($L40="",N($K40)=0),"",$L40-$K40*7) | O40: =IF($A40="","",IFERROR(INDEX(BOE!$R$6:$R$60,MATCH($A40,BOE!$A$6:$A$60,0)),0)) | P40: =IF($A40="","",IFERROR(INDEX(BOE!$T$6:$T$60,MATCH($A40,BOE!$A$6:$A$60,0)),0))
B41: =IF($A41="","",IFERROR(INDEX(BOE!$C$6:$C$60,MATCH($A41,BOE!$A$6:$A$60,0)),"not in BOE")) | C41: =IF($A41="","",IFERROR(INDEX(BOE!$E$6:$E$60,MATCH($A41,BOE!$A$6:$A$60,0)),"")) | H41: =IF($A41="","",IF($B$4="Separate",IF($G41="","",$G41),IF($F41="","",$F41))) | I41: =IF($A41="","",IFERROR(INDEX(BOE!$M$6:$M$60,MATCH($A41,BOE!$A$6:$A$60,0)),"")) | L41: =IF($A41="","",IFERROR(INDEX(Milestones!$E$5:$E$34,MATCH(IF($M41<>"",$M41,$I41),Milestones!$B$5:$B$34,0))+IFERROR(INDEX(BOE!$N$6:$N$60,MATCH($A41,BOE!$A$6:$A$60,0)),0)*7*($M41=""),"")) | N41: =IF(OR($L41="",N($K41)=0),"",$L41-$K41*7) | O41: =IF($A41="","",IFERROR(INDEX(BOE!$R$6:$R$60,MATCH($A41,BOE!$A$6:$A$60,0)),0)) | P41: =IF($A41="","",IFERROR(INDEX(BOE!$T$6:$T$60,MATCH($A41,BOE!$A$6:$A$60,0)),0))
B42: =IF($A42="","",IFERROR(INDEX(BOE!$C$6:$C$60,MATCH($A42,BOE!$A$6:$A$60,0)),"not in BOE")) | C42: =IF($A42="","",IFERROR(INDEX(BOE!$E$6:$E$60,MATCH($A42,BOE!$A$6:$A$60,0)),"")) | H42: =IF($A42="","",IF($B$4="Separate",IF($G42="","",$G42),IF($F42="","",$F42))) | I42: =IF($A42="","",IFERROR(INDEX(BOE!$M$6:$M$60,MATCH($A42,BOE!$A$6:$A$60,0)),"")) | L42: =IF($A42="","",IFERROR(INDEX(Milestones!$E$5:$E$34,MATCH(IF($M42<>"",$M42,$I42),Milestones!$B$5:$B$34,0))+IFERROR(INDEX(BOE!$N$6:$N$60,MATCH($A42,BOE!$A$6:$A$60,0)),0)*7*($M42=""),"")) | N42: =IF(OR($L42="",N($K42)=0),"",$L42-$K42*7) | O42: =IF($A42="","",IFERROR(INDEX(BOE!$R$6:$R$60,MATCH($A42,BOE!$A$6:$A$60,0)),0)) | P42: =IF($A42="","",IFERROR(INDEX(BOE!$T$6:$T$60,MATCH($A42,BOE!$A$6:$A$60,0)),0))
B43: =IF($A43="","",IFERROR(INDEX(BOE!$C$6:$C$60,MATCH($A43,BOE!$A$6:$A$60,0)),"not in BOE")) | C43: =IF($A43="","",IFERROR(INDEX(BOE!$E$6:$E$60,MATCH($A43,BOE!$A$6:$A$60,0)),"")) | H43: =IF($A43="","",IF($B$4="Separate",IF($G43="","",$G43),IF($F43="","",$F43))) | I43: =IF($A43="","",IFERROR(INDEX(BOE!$M$6:$M$60,MATCH($A43,BOE!$A$6:$A$60,0)),"")) | L43: =IF($A43="","",IFERROR(INDEX(Milestones!$E$5:$E$34,MATCH(IF($M43<>"",$M43,$I43),Milestones!$B$5:$B$34,0))+IFERROR(INDEX(BOE!$N$6:$N$60,MATCH($A43,BOE!$A$6:$A$60,0)),0)*7*($M43=""),"")) | N43: =IF(OR($L43="",N($K43)=0),"",$L43-$K43*7) | O43: =IF($A43="","",IFERROR(INDEX(BOE!$R$6:$R$60,MATCH($A43,BOE!$A$6:$A$60,0)),0)) | P43: =IF($A43="","",IFERROR(INDEX(BOE!$T$6:$T$60,MATCH($A43,BOE!$A$6:$A$60,0)),0))
B44: =IF($A44="","",IFERROR(INDEX(BOE!$C$6:$C$60,MATCH($A44,BOE!$A$6:$A$60,0)),"not in BOE")) | C44: =IF($A44="","",IFERROR(INDEX(BOE!$E$6:$E$60,MATCH($A44,BOE!$A$6:$A$60,0)),"")) | H44: =IF($A44="","",IF($B$4="Separate",IF($G44="","",$G44),IF($F44="","",$F44))) | I44: =IF($A44="","",IFERROR(INDEX(BOE!$M$6:$M$60,MATCH($A44,BOE!$A$6:$A$60,0)),"")) | L44: =IF($A44="","",IFERROR(INDEX(Milestones!$E$5:$E$34,MATCH(IF($M44<>"",$M44,$I44),Milestones!$B$5:$B$34,0))+IFERROR(INDEX(BOE!$N$6:$N$60,MATCH($A44,BOE!$A$6:$A$60,0)),0)*7*($M44=""),"")) | N44: =IF(OR($L44="",N($K44)=0),"",$L44-$K44*7) | O44: =IF($A44="","",IFERROR(INDEX(BOE!$R$6:$R$60,MATCH($A44,BOE!$A$6:$A$60,0)),0)) | P44: =IF($A44="","",IFERROR(INDEX(BOE!$T$6:$T$60,MATCH($A44,BOE!$A$6:$A$60,0)),0))
B45: =IF($A45="","",IFERROR(INDEX(BOE!$C$6:$C$60,MATCH($A45,BOE!$A$6:$A$60,0)),"not in BOE")) | C45: =IF($A45="","",IFERROR(INDEX(BOE!$E$6:$E$60,MATCH($A45,BOE!$A$6:$A$60,0)),"")) | H45: =IF($A45="","",IF($B$4="Separate",IF($G45="","",$G45),IF($F45="","",$F45))) | I45: =IF($A45="","",IFERROR(INDEX(BOE!$M$6:$M$60,MATCH($A45,BOE!$A$6:$A$60,0)),"")) | L45: =IF($A45="","",IFERROR(INDEX(Milestones!$E$5:$E$34,MATCH(IF($M45<>"",$M45,$I45),Milestones!$B$5:$B$34,0))+IFERROR(INDEX(BOE!$N$6:$N$60,MATCH($A45,BOE!$A$6:$A$60,0)),0)*7*($M45=""),"")) | N45: =IF(OR($L45="",N($K45)=0),"",$L45-$K45*7) | O45: =IF($A45="","",IFERROR(INDEX(BOE!$R$6:$R$60,MATCH($A45,BOE!$A$6:$A$60,0)),0)) | P45: =IF($A45="","",IFERROR(INDEX(BOE!$T$6:$T$60,MATCH($A45,BOE!$A$6:$A$60,0)),0))
B46: =IF($A46="","",IFERROR(INDEX(BOE!$C$6:$C$60,MATCH($A46,BOE!$A$6:$A$60,0)),"not in BOE")) | C46: =IF($A46="","",IFERROR(INDEX(BOE!$E$6:$E$60,MATCH($A46,BOE!$A$6:$A$60,0)),"")) | H46: =IF($A46="","",IF($B$4="Separate",IF($G46="","",$G46),IF($F46="","",$F46))) | I46: =IF($A46="","",IFERROR(INDEX(BOE!$M$6:$M$60,MATCH($A46,BOE!$A$6:$A$60,0)),"")) | L46: =IF($A46="","",IFERROR(INDEX(Milestones!$E$5:$E$34,MATCH(IF($M46<>"",$M46,$I46),Milestones!$B$5:$B$34,0))+IFERROR(INDEX(BOE!$N$6:$N$60,MATCH($A46,BOE!$A$6:$A$60,0)),0)*7*($M46=""),"")) | N46: =IF(OR($L46="",N($K46)=0),"",$L46-$K46*7) | O46: =IF($A46="","",IFERROR(INDEX(BOE!$R$6:$R$60,MATCH($A46,BOE!$A$6:$A$60,0)),0)) | P46: =IF($A46="","",IFERROR(INDEX(BOE!$T$6:$T$60,MATCH($A46,BOE!$A$6:$A$60,0)),0))
B47: =IF($A47="","",IFERROR(INDEX(BOE!$C$6:$C$60,MATCH($A47,BOE!$A$6:$A$60,0)),"not in BOE")) | C47: =IF($A47="","",IFERROR(INDEX(BOE!$E$6:$E$60,MATCH($A47,BOE!$A$6:$A$60,0)),"")) | H47: =IF($A47="","",IF($B$4="Separate",IF($G47="","",$G47),IF($F47="","",$F47))) | I47: =IF($A47="","",IFERROR(INDEX(BOE!$M$6:$M$60,MATCH($A47,BOE!$A$6:$A$60,0)),"")) | L47: =IF($A47="","",IFERROR(INDEX(Milestones!$E$5:$E$34,MATCH(IF($M47<>"",$M47,$I47),Milestones!$B$5:$B$34,0))+IFERROR(INDEX(BOE!$N$6:$N$60,MATCH($A47,BOE!$A$6:$A$60,0)),0)*7*($M47=""),"")) | N47: =IF(OR($L47="",N($K47)=0),"",$L47-$K47*7) | O47: =IF($A47="","",IFERROR(INDEX(BOE!$R$6:$R$60,MATCH($A47,BOE!$A$6:$A$60,0)),0)) | P47: =IF($A47="","",IFERROR(INDEX(BOE!$T$6:$T$60,MATCH($A47,BOE!$A$6:$A$60,0)),0))
B48: =IF($A48="","",IFERROR(INDEX(BOE!$C$6:$C$60,MATCH($A48,BOE!$A$6:$A$60,0)),"not in BOE")) | C48: =IF($A48="","",IFERROR(INDEX(BOE!$E$6:$E$60,MATCH($A48,BOE!$A$6:$A$60,0)),"")) | H48: =IF($A48="","",IF($B$4="Separate",IF($G48="","",$G48),IF($F48="","",$F48))) | I48: =IF($A48="","",IFERROR(INDEX(BOE!$M$6:$M$60,MATCH($A48,BOE!$A$6:$A$60,0)),"")) | L48: =IF($A48="","",IFERROR(INDEX(Milestones!$E$5:$E$34,MATCH(IF($M48<>"",$M48,$I48),Milestones!$B$5:$B$34,0))+IFERROR(INDEX(BOE!$N$6:$N$60,MATCH($A48,BOE!$A$6:$A$60,0)),0)*7*($M48=""),"")) | N48: =IF(OR($L48="",N($K48)=0),"",$L48-$K48*7) | O48: =IF($A48="","",IFERROR(INDEX(BOE!$R$6:$R$60,MATCH($A48,BOE!$A$6:$A$60,0)),0)) | P48: =IF($A48="","",IFERROR(INDEX(BOE!$T$6:$T$60,MATCH($A48,BOE!$A$6:$A$60,0)),0))
B49: =IF($A49="","",IFERROR(INDEX(BOE!$C$6:$C$60,MATCH($A49,BOE!$A$6:$A$60,0)),"not in BOE")) | C49: =IF($A49="","",IFERROR(INDEX(BOE!$E$6:$E$60,MATCH($A49,BOE!$A$6:$A$60,0)),"")) | H49: =IF($A49="","",IF($B$4="Separate",IF($G49="","",$G49),IF($F49="","",$F49))) | I49: =IF($A49="","",IFERROR(INDEX(BOE!$M$6:$M$60,MATCH($A49,BOE!$A$6:$A$60,0)),"")) | L49: =IF($A49="","",IFERROR(INDEX(Milestones!$E$5:$E$34,MATCH(IF($M49<>"",$M49,$I49),Milestones!$B$5:$B$34,0))+IFERROR(INDEX(BOE!$N$6:$N$60,MATCH($A49,BOE!$A$6:$A$60,0)),0)*7*($M49=""),"")) | N49: =IF(OR($L49="",N($K49)=0),"",$L49-$K49*7) | O49: =IF($A49="","",IFERROR(INDEX(BOE!$R$6:$R$60,MATCH($A49,BOE!$A$6:$A$60,0)),0)) | P49: =IF($A49="","",IFERROR(INDEX(BOE!$T$6:$T$60,MATCH($A49,BOE!$A$6:$A$60,0)),0))
... B62: =IF($A62="","",IFERROR(INDEX(BOE!$C$6:$C$60,MATCH($A62,BOE!$A$6:$A$60,0)),"not in BOE")) | C62: =IF($A62="","",IFERROR(INDEX(BOE!$E$6:$E$60,MATCH($A62,BOE!$A$6:$A$60,0)),"")) | H62: =IF($A62="","",IF($B$4="Separate",IF($G62="","",$G62),IF($F62="","",$F62))) | I62: =IF($A62="","",IFERROR(INDEX(BOE!$M$6:$M$60,MATCH($A62,BOE!$A$6:$A$60,0)),"")) | L62: =IF($A62="","",IFERROR(INDEX(Milestones!$E$5:$E$34,MATCH(IF($M62<>"",$M62,$I62),Milestones!$B$5:$B$34,0))+IFERROR(INDEX(BOE!$N$6:$N$60,MATCH($A62,BOE!$A$6:$A$60,0)),0)*7*($M62=""),"")) | N62: =IF(OR($L62="",N($K62)=0),"",$L62-$K62*7) | O62: =IF($A62="","",IFERROR(INDEX(BOE!$R$6:$R$60,MATCH($A62,BOE!$A$6:$A$60,0)),0)) | P62: =IF($A62="","",IFERROR(INDEX(BOE!$T$6:$T$60,MATCH($A62,BOE!$A$6:$A$60,0)),0))
A64: CDRL ROLL-UP (one row per CDRL number in use; hours = sum of tasked source rows)
A65: CDRL # | B65: DID / Title | C65: Source tasks | D65: # tasks | E65: P50 hours | F65: P90 hours | G65: Due date (latest) | H65: Draft due (earliest) | I65: Submittals (max)
A66: A001 | B66: =IF($A66="","",IFERROR(INDEX($E$8:$E$62,MATCH($A66,$H$8:$H$62,0)),"")) -> DI-SAFT-81626 System Safety Program Plan | C66: {=IF($A66="","",IFERROR(_xlfn.TEXTJOIN(", ",TRUE(),IF(($H$8:$H$62=$A66)*($C$8:$C$62="Y"),$A$8:$A$62,"")),""))} -> 102 | D66: =IF($A66="","",COUNTIFS($H$8:$H$62,$A66,$C$8:$C$62,"Y")) -> 1 | E66: =IF($A66="","",SUMIFS($O$8:$O$62,$H$8:$H$62,$A66,$C$8:$C$62,"Y")) -> 320 | F66: =IF($A66="","",SUMIFS($P$8:$P$62,$H$8:$H$62,$A66,$C$8:$C$62,"Y")) -> 480 | G66: {=IF(OR($A66="",COUNTIFS($H$8:$H$62,$A66,$C$8:$C$62,"Y")=0),"",MAX(IF(($H$8:$H$62=$A66)*($C$8:$C$62="Y"),$L$8:$L$62,0)))} -> 46481 | H66: {=IF(OR($A66="",COUNTIFS($H$8:$H$62,$A66,$C$8:$C$62,"Y")=0),"",IF(MIN(IF(($H$8:$H$62=$A66)*($C$8:$C$62="Y")*ISNUMBER($N$8:$N$62),$N$8:$N$62,9E+099))>=9E+099,"",MIN(IF(($H$8:$H$62=$A66)*($C$8:$C$62="Y")*ISNUMBER($N$8:$N$62),$N$8:$N$62,9E+099))))} -> 46453 | I66: {=IF(OR($A66="",COUNTIFS($H$8:$H$62,$A66,$C$8:$C$62,"Y")=0),"",MAX(IF(($H$8:$H$62=$A66)*($C$8:$C$62="Y"),$J$8:$J$62,0)))} -> 2
A67: A002 | B67: =IF($A67="","",IFERROR(INDEX($E$8:$E$62,MATCH($A67,$H$8:$H$62,0)),"")) -> DI-SAFT-80101 System Safety Hazard Analysis Report | C67: {=IF($A67="","",IFERROR(_xlfn.TEXTJOIN(", ",TRUE(),IF(($H$8:$H$62=$A67)*($C$8:$C$62="Y"),$A$8:$A$62,"")),""))} -> 201, 202, 203, 204, 205, 206, 208, 210, SW-LOR | D67: =IF($A67="","",COUNTIFS($H$8:$H$62,$A67,$C$8:$C$62,"Y")) -> 9 | E67: =IF($A67="","",SUMIFS($O$8:$O$62,$H$8:$H$62,$A67,$C$8:$C$62,"Y")) -> 5768 | F67: =IF($A67="","",SUMIFS($P$8:$P$62,$H$8:$H$62,$A67,$C$8:$C$62,"Y")) -> 8652 | G67: {=IF(OR($A67="",COUNTIFS($H$8:$H$62,$A67,$C$8:$C$62,"Y")=0),"",MAX(IF(($H$8:$H$62=$A67)*($C$8:$C$62="Y"),$L$8:$L$62,0)))} -> 47122 | H67: {=IF(OR($A67="",COUNTIFS($H$8:$H$62,$A67,$C$8:$C$62,"Y")=0),"",IF(MIN(IF(($H$8:$H$62=$A67)*($C$8:$C$62="Y")*ISNUMBER($N$8:$N$62),$N$8:$N$62,9E+099))>=9E+099,"",MIN(IF(($H$8:$H$62=$A67)*($C$8:$C$62="Y")*ISNUMBER($N$8:$N$62),$N$8:$N$62,9E+099))))} -> 46467 | I67: {=IF(OR($A67="",COUNTIFS($H$8:$H$62,$A67,$C$8:$C$62,"Y")=0),"",MAX(IF(($H$8:$H$62=$A67)*($C$8:$C$62="Y"),$J$8:$J$62,0)))} -> 3
A68: A002-PHL | B68: =IF($A68="","",IFERROR(INDEX($E$8:$E$62,MATCH($A68,$H$8:$H$62,0)),"")) | C68: {=IF($A68="","",IFERROR(_xlfn.TEXTJOIN(", ",TRUE(),IF(($H$8:$H$62=$A68)*($C$8:$C$62="Y"),$A$8:$A$62,"")),""))} | D68: =IF($A68="","",COUNTIFS($H$8:$H$62,$A68,$C$8:$C$62,"Y")) -> 0 | E68: =IF($A68="","",SUMIFS($O$8:$O$62,$H$8:$H$62,$A68,$C$8:$C$62,"Y")) -> 0 | F68: =IF($A68="","",SUMIFS($P$8:$P$62,$H$8:$H$62,$A68,$C$8:$C$62,"Y")) -> 0 | G68: {=IF(OR($A68="",COUNTIFS($H$8:$H$62,$A68,$C$8:$C$62,"Y")=0),"",MAX(IF(($H$8:$H$62=$A68)*($C$8:$C$62="Y"),$L$8:$L$62,0)))} | H68: {=IF(OR($A68="",COUNTIFS($H$8:$H$62,$A68,$C$8:$C$62,"Y")=0),"",IF(MIN(IF(($H$8:$H$62=$A68)*($C$8:$C$62="Y")*ISNUMBER($N$8:$N$62),$N$8:$N$62,9E+099))>=9E+099,"",MIN(IF(($H$8:$H$62=$A68)*($C$8:$C$62="Y")*ISNUMBER($N$8:$N$62),$N$8:$N$62,9E+099))))} | I68: {=IF(OR($A68="",COUNTIFS($H$8:$H$62,$A68,$C$8:$C$62,"Y")=0),"",MAX(IF(($H$8:$H$62=$A68)*($C$8:$C$62="Y"),$J$8:$J$62,0)))}
A69: A002-PHA | B69: =IF($A69="","",IFERROR(INDEX($E$8:$E$62,MATCH($A69,$H$8:$H$62,0)),"")) | C69: {=IF($A69="","",IFERROR(_xlfn.TEXTJOIN(", ",TRUE(),IF(($H$8:$H$62=$A69)*($C$8:$C$62="Y"),$A$8:$A$62,"")),""))} | D69: =IF($A69="","",COUNTIFS($H$8:$H$62,$A69,$C$8:$C$62,"Y")) -> 0 | E69: =IF($A69="","",SUMIFS($O$8:$O$62,$H$8:$H$62,$A69,$C$8:$C$62,"Y")) -> 0 | F69: =IF($A69="","",SUMIFS($P$8:$P$62,$H$8:$H$62,$A69,$C$8:$C$62,"Y")) -> 0 | G69: {=IF(OR($A69="",COUNTIFS($H$8:$H$62,$A69,$C$8:$C$62,"Y")=0),"",MAX(IF(($H$8:$H$62=$A69)*($C$8:$C$62="Y"),$L$8:$L$62,0)))} | H69: {=IF(OR($A69="",COUNTIFS($H$8:$H$62,$A69,$C$8:$C$62,"Y")=0),"",IF(MIN(IF(($H$8:$H$62=$A69)*($C$8:$C$62="Y")*ISNUMBER($N$8:$N$62),$N$8:$N$62,9E+099))>=9E+099,"",MIN(IF(($H$8:$H$62=$A69)*($C$8:$C$62="Y")*ISNUMBER($N$8:$N$62),$N$8:$N$62,9E+099))))} | I69: {=IF(OR($A69="",COUNTIFS($H$8:$H$62,$A69,$C$8:$C$62,"Y")=0),"",MAX(IF(($H$8:$H$62=$A69)*($C$8:$C$62="Y"),$J$8:$J$62,0)))}
A70: A002-SRHA | B70: =IF($A70="","",IFERROR(INDEX($E$8:$E$62,MATCH($A70,$H$8:$H$62,0)),"")) | C70: {=IF($A70="","",IFERROR(_xlfn.TEXTJOIN(", ",TRUE(),IF(($H$8:$H$62=$A70)*($C$8:$C$62="Y"),$A$8:$A$62,"")),""))} | D70: =IF($A70="","",COUNTIFS($H$8:$H$62,$A70,$C$8:$C$62,"Y")) -> 0 | E70: =IF($A70="","",SUMIFS($O$8:$O$62,$H$8:$H$62,$A70,$C$8:$C$62,"Y")) -> 0 | F70: =IF($A70="","",SUMIFS($P$8:$P$62,$H$8:$H$62,$A70,$C$8:$C$62,"Y")) -> 0 | G70: {=IF(OR($A70="",COUNTIFS($H$8:$H$62,$A70,$C$8:$C$62,"Y")=0),"",MAX(IF(($H$8:$H$62=$A70)*($C$8:$C$62="Y"),$L$8:$L$62,0)))} | H70: {=IF(OR($A70="",COUNTIFS($H$8:$H$62,$A70,$C$8:$C$62,"Y")=0),"",IF(MIN(IF(($H$8:$H$62=$A70)*($C$8:$C$62="Y")*ISNUMBER($N$8:$N$62),$N$8:$N$62,9E+099))>=9E+099,"",MIN(IF(($H$8:$H$62=$A70)*($C$8:$C$62="Y")*ISNUMBER($N$8:$N$62),$N$8:$N$62,9E+099))))} | I70: {=IF(OR($A70="",COUNTIFS($H$8:$H$62,$A70,$C$8:$C$62,"Y")=0),"",MAX(IF(($H$8:$H$62=$A70)*($C$8:$C$62="Y"),$J$8:$J$62,0)))}
A71: A002-SSHA | B71: =IF($A71="","",IFERROR(INDEX($E$8:$E$62,MATCH($A71,$H$8:$H$62,0)),"")) | C71: {=IF($A71="","",IFERROR(_xlfn.TEXTJOIN(", ",TRUE(),IF(($H$8:$H$62=$A71)*($C$8:$C$62="Y"),$A$8:$A$62,"")),""))} | D71: =IF($A71="","",COUNTIFS($H$8:$H$62,$A71,$C$8:$C$62,"Y")) -> 0 | E71: =IF($A71="","",SUMIFS($O$8:$O$62,$H$8:$H$62,$A71,$C$8:$C$62,"Y")) -> 0 | F71: =IF($A71="","",SUMIFS($P$8:$P$62,$H$8:$H$62,$A71,$C$8:$C$62,"Y")) -> 0 | G71: {=IF(OR($A71="",COUNTIFS($H$8:$H$62,$A71,$C$8:$C$62,"Y")=0),"",MAX(IF(($H$8:$H$62=$A71)*($C$8:$C$62="Y"),$L$8:$L$62,0)))} | H71: {=IF(OR($A71="",COUNTIFS($H$8:$H$62,$A71,$C$8:$C$62,"Y")=0),"",IF(MIN(IF(($H$8:$H$62=$A71)*($C$8:$C$62="Y")*ISNUMBER($N$8:$N$62),$N$8:$N$62,9E+099))>=9E+099,"",MIN(IF(($H$8:$H$62=$A71)*($C$8:$C$62="Y")*ISNUMBER($N$8:$N$62),$N$8:$N$62,9E+099))))} | I71: {=IF(OR($A71="",COUNTIFS($H$8:$H$62,$A71,$C$8:$C$62,"Y")=0),"",MAX(IF(($H$8:$H$62=$A71)*($C$8:$C$62="Y"),$J$8:$J$62,0)))}
A72: A002-SHA | B72: =IF($A72="","",IFERROR(INDEX($E$8:$E$62,MATCH($A72,$H$8:$H$62,0)),"")) | C72: {=IF($A72="","",IFERROR(_xlfn.TEXTJOIN(", ",TRUE(),IF(($H$8:$H$62=$A72)*($C$8:$C$62="Y"),$A$8:$A$62,"")),""))} | D72: =IF($A72="","",COUNTIFS($H$8:$H$62,$A72,$C$8:$C$62,"Y")) -> 0 | E72: =IF($A72="","",SUMIFS($O$8:$O$62,$H$8:$H$62,$A72,$C$8:$C$62,"Y")) -> 0 | F72: =IF($A72="","",SUMIFS($P$8:$P$62,$H$8:$H$62,$A72,$C$8:$C$62,"Y")) -> 0 | G72: {=IF(OR($A72="",COUNTIFS($H$8:$H$62,$A72,$C$8:$C$62,"Y")=0),"",MAX(IF(($H$8:$H$62=$A72)*($C$8:$C$62="Y"),$L$8:$L$62,0)))} | H72: {=IF(OR($A72="",COUNTIFS($H$8:$H$62,$A72,$C$8:$C$62,"Y")=0),"",IF(MIN(IF(($H$8:$H$62=$A72)*($C$8:$C$62="Y")*ISNUMBER($N$8:$N$62),$N$8:$N$62,9E+099))>=9E+099,"",MIN(IF(($H$8:$H$62=$A72)*($C$8:$C$62="Y")*ISNUMBER($N$8:$N$62),$N$8:$N$62,9E+099))))} | I72: {=IF(OR($A72="",COUNTIFS($H$8:$H$62,$A72,$C$8:$C$62,"Y")=0),"",MAX(IF(($H$8:$H$62=$A72)*($C$8:$C$62="Y"),$J$8:$J$62,0)))}
A73: A002-OSHA | B73: =IF($A73="","",IFERROR(INDEX($E$8:$E$62,MATCH($A73,$H$8:$H$62,0)),"")) | C73: {=IF($A73="","",IFERROR(_xlfn.TEXTJOIN(", ",TRUE(),IF(($H$8:$H$62=$A73)*($C$8:$C$62="Y"),$A$8:$A$62,"")),""))} | D73: =IF($A73="","",COUNTIFS($H$8:$H$62,$A73,$C$8:$C$62,"Y")) -> 0 | E73: =IF($A73="","",SUMIFS($O$8:$O$62,$H$8:$H$62,$A73,$C$8:$C$62,"Y")) -> 0 | F73: =IF($A73="","",SUMIFS($P$8:$P$62,$H$8:$H$62,$A73,$C$8:$C$62,"Y")) -> 0 | G73: {=IF(OR($A73="",COUNTIFS($H$8:$H$62,$A73,$C$8:$C$62,"Y")=0),"",MAX(IF(($H$8:$H$62=$A73)*($C$8:$C$62="Y"),$L$8:$L$62,0)))} | H73: {=IF(OR($A73="",COUNTIFS($H$8:$H$62,$A73,$C$8:$C$62,"Y")=0),"",IF(MIN(IF(($H$8:$H$62=$A73)*($C$8:$C$62="Y")*ISNUMBER($N$8:$N$62),$N$8:$N$62,9E+099))>=9E+099,"",MIN(IF(($H$8:$H$62=$A73)*($C$8:$C$62="Y")*ISNUMBER($N$8:$N$62),$N$8:$N$62,9E+099))))} | I73: {=IF(OR($A73="",COUNTIFS($H$8:$H$62,$A73,$C$8:$C$62,"Y")=0),"",MAX(IF(($H$8:$H$62=$A73)*($C$8:$C$62="Y"),$J$8:$J$62,0)))}
A74: A002-FHA | B74: =IF($A74="","",IFERROR(INDEX($E$8:$E$62,MATCH($A74,$H$8:$H$62,0)),"")) | C74: {=IF($A74="","",IFERROR(_xlfn.TEXTJOIN(", ",TRUE(),IF(($H$8:$H$62=$A74)*($C$8:$C$62="Y"),$A$8:$A$62,"")),""))} | D74: =IF($A74="","",COUNTIFS($H$8:$H$62,$A74,$C$8:$C$62,"Y")) -> 0 | E74: =IF($A74="","",SUMIFS($O$8:$O$62,$H$8:$H$62,$A74,$C$8:$C$62,"Y")) -> 0 | F74: =IF($A74="","",SUMIFS($P$8:$P$62,$H$8:$H$62,$A74,$C$8:$C$62,"Y")) -> 0 | G74: {=IF(OR($A74="",COUNTIFS($H$8:$H$62,$A74,$C$8:$C$62,"Y")=0),"",MAX(IF(($H$8:$H$62=$A74)*($C$8:$C$62="Y"),$L$8:$L$62,0)))} | H74: {=IF(OR($A74="",COUNTIFS($H$8:$H$62,$A74,$C$8:$C$62,"Y")=0),"",IF(MIN(IF(($H$8:$H$62=$A74)*($C$8:$C$62="Y")*ISNUMBER($N$8:$N$62),$N$8:$N$62,9E+099))>=9E+099,"",MIN(IF(($H$8:$H$62=$A74)*($C$8:$C$62="Y")*ISNUMBER($N$8:$N$62),$N$8:$N$62,9E+099))))} | I74: {=IF(OR($A74="",COUNTIFS($H$8:$H$62,$A74,$C$8:$C$62,"Y")=0),"",MAX(IF(($H$8:$H$62=$A74)*($C$8:$C$62="Y"),$J$8:$J$62,0)))}
A75: A002-SoS | B75: =IF($A75="","",IFERROR(INDEX($E$8:$E$62,MATCH($A75,$H$8:$H$62,0)),"")) | C75: {=IF($A75="","",IFERROR(_xlfn.TEXTJOIN(", ",TRUE(),IF(($H$8:$H$62=$A75)*($C$8:$C$62="Y"),$A$8:$A$62,"")),""))} | D75: =IF($A75="","",COUNTIFS($H$8:$H$62,$A75,$C$8:$C$62,"Y")) -> 0 | E75: =IF($A75="","",SUMIFS($O$8:$O$62,$H$8:$H$62,$A75,$C$8:$C$62,"Y")) -> 0 | F75: =IF($A75="","",SUMIFS($P$8:$P$62,$H$8:$H$62,$A75,$C$8:$C$62,"Y")) -> 0 | G75: {=IF(OR($A75="",COUNTIFS($H$8:$H$62,$A75,$C$8:$C$62,"Y")=0),"",MAX(IF(($H$8:$H$62=$A75)*($C$8:$C$62="Y"),$L$8:$L$62,0)))} | H75: {=IF(OR($A75="",COUNTIFS($H$8:$H$62,$A75,$C$8:$C$62,"Y")=0),"",IF(MIN(IF(($H$8:$H$62=$A75)*($C$8:$C$62="Y")*ISNUMBER($N$8:$N$62),$N$8:$N$62,9E+099))>=9E+099,"",MIN(IF(($H$8:$H$62=$A75)*($C$8:$C$62="Y")*ISNUMBER($N$8:$N$62),$N$8:$N$62,9E+099))))} | I75: {=IF(OR($A75="",COUNTIFS($H$8:$H$62,$A75,$C$8:$C$62,"Y")=0),"",MAX(IF(($H$8:$H$62=$A75)*($C$8:$C$62="Y"),$J$8:$J$62,0)))}
A76: A002-EHA | B76: =IF($A76="","",IFERROR(INDEX($E$8:$E$62,MATCH($A76,$H$8:$H$62,0)),"")) | C76: {=IF($A76="","",IFERROR(_xlfn.TEXTJOIN(", ",TRUE(),IF(($H$8:$H$62=$A76)*($C$8:$C$62="Y"),$A$8:$A$62,"")),""))} | D76: =IF($A76="","",COUNTIFS($H$8:$H$62,$A76,$C$8:$C$62,"Y")) -> 0 | E76: =IF($A76="","",SUMIFS($O$8:$O$62,$H$8:$H$62,$A76,$C$8:$C$62,"Y")) -> 0 | F76: =IF($A76="","",SUMIFS($P$8:$P$62,$H$8:$H$62,$A76,$C$8:$C$62,"Y")) -> 0 | G76: {=IF(OR($A76="",COUNTIFS($H$8:$H$62,$A76,$C$8:$C$62,"Y")=0),"",MAX(IF(($H$8:$H$62=$A76)*($C$8:$C$62="Y"),$L$8:$L$62,0)))} | H76: {=IF(OR($A76="",COUNTIFS($H$8:$H$62,$A76,$C$8:$C$62,"Y")=0),"",IF(MIN(IF(($H$8:$H$62=$A76)*($C$8:$C$62="Y")*ISNUMBER($N$8:$N$62),$N$8:$N$62,9E+099))>=9E+099,"",MIN(IF(($H$8:$H$62=$A76)*($C$8:$C$62="Y")*ISNUMBER($N$8:$N$62),$N$8:$N$62,9E+099))))} | I76: {=IF(OR($A76="",COUNTIFS($H$8:$H$62,$A76,$C$8:$C$62,"Y")=0),"",MAX(IF(($H$8:$H$62=$A76)*($C$8:$C$62="Y"),$J$8:$J$62,0)))}
A77: A002-LOR | B77: =IF($A77="","",IFERROR(INDEX($E$8:$E$62,MATCH($A77,$H$8:$H$62,0)),"")) | C77: {=IF($A77="","",IFERROR(_xlfn.TEXTJOIN(", ",TRUE(),IF(($H$8:$H$62=$A77)*($C$8:$C$62="Y"),$A$8:$A$62,"")),""))} | D77: =IF($A77="","",COUNTIFS($H$8:$H$62,$A77,$C$8:$C$62,"Y")) -> 0 | E77: =IF($A77="","",SUMIFS($O$8:$O$62,$H$8:$H$62,$A77,$C$8:$C$62,"Y")) -> 0 | F77: =IF($A77="","",SUMIFS($P$8:$P$62,$H$8:$H$62,$A77,$C$8:$C$62,"Y")) -> 0 | G77: {=IF(OR($A77="",COUNTIFS($H$8:$H$62,$A77,$C$8:$C$62,"Y")=0),"",MAX(IF(($H$8:$H$62=$A77)*($C$8:$C$62="Y"),$L$8:$L$62,0)))} | H77: {=IF(OR($A77="",COUNTIFS($H$8:$H$62,$A77,$C$8:$C$62,"Y")=0),"",IF(MIN(IF(($H$8:$H$62=$A77)*($C$8:$C$62="Y")*ISNUMBER($N$8:$N$62),$N$8:$N$62,9E+099))>=9E+099,"",MIN(IF(($H$8:$H$62=$A77)*($C$8:$C$62="Y")*ISNUMBER($N$8:$N$62),$N$8:$N$62,9E+099))))} | I77: {=IF(OR($A77="",COUNTIFS($H$8:$H$62,$A77,$C$8:$C$62,"Y")=0),"",MAX(IF(($H$8:$H$62=$A77)*($C$8:$C$62="Y"),$J$8:$J$62,0)))}
... A85: A010 | B85: =IF($A85="","",IFERROR(INDEX($E$8:$E$62,MATCH($A85,$H$8:$H$62,0)),"")) -> DI-SAFT-80931 Explosive Ordnance Disposal Data | C85: {=IF($A85="","",IFERROR(_xlfn.TEXTJOIN(", ",TRUE(),IF(($H$8:$H$62=$A85)*($C$8:$C$62="Y"),$A$8:$A$62,"")),""))} | D85: =IF($A85="","",COUNTIFS($H$8:$H$62,$A85,$C$8:$C$62,"Y")) -> 0 | E85: =IF($A85="","",SUMIFS($O$8:$O$62,$H$8:$H$62,$A85,$C$8:$C$62,"Y")) -> 0 | F85: =IF($A85="","",SUMIFS($P$8:$P$62,$H$8:$H$62,$A85,$C$8:$C$62,"Y")) -> 0 | G85: {=IF(OR($A85="",COUNTIFS($H$8:$H$62,$A85,$C$8:$C$62,"Y")=0),"",MAX(IF(($H$8:$H$62=$A85)*($C$8:$C$62="Y"),$L$8:$L$62,0)))} | H85: {=IF(OR($A85="",COUNTIFS($H$8:$H$62,$A85,$C$8:$C$62,"Y")=0),"",IF(MIN(IF(($H$8:$H$62=$A85)*($C$8:$C$62="Y")*ISNUMBER($N$8:$N$62),$N$8:$N$62,9E+099))>=9E+099,"",MIN(IF(($H$8:$H$62=$A85)*($C$8:$C$62="Y")*ISNUMBER($N$8:$N$62),$N$8:$N$62,9E+099))))} | I85: {=IF(OR($A85="",COUNTIFS($H$8:$H$62,$A85,$C$8:$C$62,"Y")=0),"",MAX(IF(($H$8:$H$62=$A85)*($C$8:$C$62="Y"),$J$8:$J$62,0)))}
B86: =IF($A86="","",IFERROR(INDEX($E$8:$E$62,MATCH($A86,$H$8:$H$62,0)),"")) | C86: {=IF($A86="","",IFERROR(_xlfn.TEXTJOIN(", ",TRUE(),IF(($H$8:$H$62=$A86)*($C$8:$C$62="Y"),$A$8:$A$62,"")),""))} | D86: =IF($A86="","",COUNTIFS($H$8:$H$62,$A86,$C$8:$C$62,"Y")) | E86: =IF($A86="","",SUMIFS($O$8:$O$62,$H$8:$H$62,$A86,$C$8:$C$62,"Y")) | F86: =IF($A86="","",SUMIFS($P$8:$P$62,$H$8:$H$62,$A86,$C$8:$C$62,"Y")) | G86: {=IF(OR($A86="",COUNTIFS($H$8:$H$62,$A86,$C$8:$C$62,"Y")=0),"",MAX(IF(($H$8:$H$62=$A86)*($C$8:$C$62="Y"),$L$8:$L$62,0)))} | H86: {=IF(OR($A86="",COUNTIFS($H$8:$H$62,$A86,$C$8:$C$62,"Y")=0),"",IF(MIN(IF(($H$8:$H$62=$A86)*($C$8:$C$62="Y")*ISNUMBER($N$8:$N$62),$N$8:$N$62,9E+099))>=9E+099,"",MIN(IF(($H$8:$H$62=$A86)*($C$8:$C$62="Y")*ISNUMBER($N$8:$N$62),$N$8:$N$62,9E+099))))} | I86: {=IF(OR($A86="",COUNTIFS($H$8:$H$62,$A86,$C$8:$C$62,"Y")=0),"",MAX(IF(($H$8:$H$62=$A86)*($C$8:$C$62="Y"),$J$8:$J$62,0)))}
B87: =IF($A87="","",IFERROR(INDEX($E$8:$E$62,MATCH($A87,$H$8:$H$62,0)),"")) | C87: {=IF($A87="","",IFERROR(_xlfn.TEXTJOIN(", ",TRUE(),IF(($H$8:$H$62=$A87)*($C$8:$C$62="Y"),$A$8:$A$62,"")),""))} | D87: =IF($A87="","",COUNTIFS($H$8:$H$62,$A87,$C$8:$C$62,"Y")) | E87: =IF($A87="","",SUMIFS($O$8:$O$62,$H$8:$H$62,$A87,$C$8:$C$62,"Y")) | F87: =IF($A87="","",SUMIFS($P$8:$P$62,$H$8:$H$62,$A87,$C$8:$C$62,"Y")) | G87: {=IF(OR($A87="",COUNTIFS($H$8:$H$62,$A87,$C$8:$C$62,"Y")=0),"",MAX(IF(($H$8:$H$62=$A87)*($C$8:$C$62="Y"),$L$8:$L$62,0)))} | H87: {=IF(OR($A87="",COUNTIFS($H$8:$H$62,$A87,$C$8:$C$62,"Y")=0),"",IF(MIN(IF(($H$8:$H$62=$A87)*($C$8:$C$62="Y")*ISNUMBER($N$8:$N$62),$N$8:$N$62,9E+099))>=9E+099,"",MIN(IF(($H$8:$H$62=$A87)*($C$8:$C$62="Y")*ISNUMBER($N$8:$N$62),$N$8:$N$62,9E+099))))} | I87: {=IF(OR($A87="",COUNTIFS($H$8:$H$62,$A87,$C$8:$C$62,"Y")=0),"",MAX(IF(($H$8:$H$62=$A87)*($C$8:$C$62="Y"),$J$8:$J$62,0)))}
B88: =IF($A88="","",IFERROR(INDEX($E$8:$E$62,MATCH($A88,$H$8:$H$62,0)),"")) | C88: {=IF($A88="","",IFERROR(_xlfn.TEXTJOIN(", ",TRUE(),IF(($H$8:$H$62=$A88)*($C$8:$C$62="Y"),$A$8:$A$62,"")),""))} | D88: =IF($A88="","",COUNTIFS($H$8:$H$62,$A88,$C$8:$C$62,"Y")) | E88: =IF($A88="","",SUMIFS($O$8:$O$62,$H$8:$H$62,$A88,$C$8:$C$62,"Y")) | F88: =IF($A88="","",SUMIFS($P$8:$P$62,$H$8:$H$62,$A88,$C$8:$C$62,"Y")) | G88: {=IF(OR($A88="",COUNTIFS($H$8:$H$62,$A88,$C$8:$C$62,"Y")=0),"",MAX(IF(($H$8:$H$62=$A88)*($C$8:$C$62="Y"),$L$8:$L$62,0)))} | H88: {=IF(OR($A88="",COUNTIFS($H$8:$H$62,$A88,$C$8:$C$62,"Y")=0),"",IF(MIN(IF(($H$8:$H$62=$A88)*($C$8:$C$62="Y")*ISNUMBER($N$8:$N$62),$N$8:$N$62,9E+099))>=9E+099,"",MIN(IF(($H$8:$H$62=$A88)*($C$8:$C$62="Y")*ISNUMBER($N$8:$N$62),$N$8:$N$62,9E+099))))} | I88: {=IF(OR($A88="",COUNTIFS($H$8:$H$62,$A88,$C$8:$C$62,"Y")=0),"",MAX(IF(($H$8:$H$62=$A88)*($C$8:$C$62="Y"),$J$8:$J$62,0)))}
B89: =IF($A89="","",IFERROR(INDEX($E$8:$E$62,MATCH($A89,$H$8:$H$62,0)),"")) | C89: {=IF($A89="","",IFERROR(_xlfn.TEXTJOIN(", ",TRUE(),IF(($H$8:$H$62=$A89)*($C$8:$C$62="Y"),$A$8:$A$62,"")),""))} | D89: =IF($A89="","",COUNTIFS($H$8:$H$62,$A89,$C$8:$C$62,"Y")) | E89: =IF($A89="","",SUMIFS($O$8:$O$62,$H$8:$H$62,$A89,$C$8:$C$62,"Y")) | F89: =IF($A89="","",SUMIFS($P$8:$P$62,$H$8:$H$62,$A89,$C$8:$C$62,"Y")) | G89: {=IF(OR($A89="",COUNTIFS($H$8:$H$62,$A89,$C$8:$C$62,"Y")=0),"",MAX(IF(($H$8:$H$62=$A89)*($C$8:$C$62="Y"),$L$8:$L$62,0)))} | H89: {=IF(OR($A89="",COUNTIFS($H$8:$H$62,$A89,$C$8:$C$62,"Y")=0),"",IF(MIN(IF(($H$8:$H$62=$A89)*($C$8:$C$62="Y")*ISNUMBER($N$8:$N$62),$N$8:$N$62,9E+099))>=9E+099,"",MIN(IF(($H$8:$H$62=$A89)*($C$8:$C$62="Y")*ISNUMBER($N$8:$N$62),$N$8:$N$62,9E+099))))} | I89: {=IF(OR($A89="",COUNTIFS($H$8:$H$62,$A89,$C$8:$C$62,"Y")=0),"",MAX(IF(($H$8:$H$62=$A89)*($C$8:$C$62="Y"),$J$8:$J$62,0)))}
B90: =IF($A90="","",IFERROR(INDEX($E$8:$E$62,MATCH($A90,$H$8:$H$62,0)),"")) | C90: {=IF($A90="","",IFERROR(_xlfn.TEXTJOIN(", ",TRUE(),IF(($H$8:$H$62=$A90)*($C$8:$C$62="Y"),$A$8:$A$62,"")),""))} | D90: =IF($A90="","",COUNTIFS($H$8:$H$62,$A90,$C$8:$C$62,"Y")) | E90: =IF($A90="","",SUMIFS($O$8:$O$62,$H$8:$H$62,$A90,$C$8:$C$62,"Y")) | F90: =IF($A90="","",SUMIFS($P$8:$P$62,$H$8:$H$62,$A90,$C$8:$C$62,"Y")) | G90: {=IF(OR($A90="",COUNTIFS($H$8:$H$62,$A90,$C$8:$C$62,"Y")=0),"",MAX(IF(($H$8:$H$62=$A90)*($C$8:$C$62="Y"),$L$8:$L$62,0)))} | H90: {=IF(OR($A90="",COUNTIFS($H$8:$H$62,$A90,$C$8:$C$62,"Y")=0),"",IF(MIN(IF(($H$8:$H$62=$A90)*($C$8:$C$62="Y")*ISNUMBER($N$8:$N$62),$N$8:$N$62,9E+099))>=9E+099,"",MIN(IF(($H$8:$H$62=$A90)*($C$8:$C$62="Y")*ISNUMBER($N$8:$N$62),$N$8:$N$62,9E+099))))} | I90: {=IF(OR($A90="",COUNTIFS($H$8:$H$62,$A90,$C$8:$C$62,"Y")=0),"",MAX(IF(($H$8:$H$62=$A90)*($C$8:$C$62="Y"),$J$8:$J$62,0)))}
B91: =IF($A91="","",IFERROR(INDEX($E$8:$E$62,MATCH($A91,$H$8:$H$62,0)),"")) | C91: {=IF($A91="","",IFERROR(_xlfn.TEXTJOIN(", ",TRUE(),IF(($H$8:$H$62=$A91)*($C$8:$C$62="Y"),$A$8:$A$62,"")),""))} | D91: =IF($A91="","",COUNTIFS($H$8:$H$62,$A91,$C$8:$C$62,"Y")) | E91: =IF($A91="","",SUMIFS($O$8:$O$62,$H$8:$H$62,$A91,$C$8:$C$62,"Y")) | F91: =IF($A91="","",SUMIFS($P$8:$P$62,$H$8:$H$62,$A91,$C$8:$C$62,"Y")) | G91: {=IF(OR($A91="",COUNTIFS($H$8:$H$62,$A91,$C$8:$C$62,"Y")=0),"",MAX(IF(($H$8:$H$62=$A91)*($C$8:$C$62="Y"),$L$8:$L$62,0)))} | H91: {=IF(OR($A91="",COUNTIFS($H$8:$H$62,$A91,$C$8:$C$62,"Y")=0),"",IF(MIN(IF(($H$8:$H$62=$A91)*($C$8:$C$62="Y")*ISNUMBER($N$8:$N$62),$N$8:$N$62,9E+099))>=9E+099,"",MIN(IF(($H$8:$H$62=$A91)*($C$8:$C$62="Y")*ISNUMBER($N$8:$N$62),$N$8:$N$62,9E+099))))} | I91: {=IF(OR($A91="",COUNTIFS($H$8:$H$62,$A91,$C$8:$C$62,"Y")=0),"",MAX(IF(($H$8:$H$62=$A91)*($C$8:$C$62="Y"),$J$8:$J$62,0)))}
B92: =IF($A92="","",IFERROR(INDEX($E$8:$E$62,MATCH($A92,$H$8:$H$62,0)),"")) | C92: {=IF($A92="","",IFERROR(_xlfn.TEXTJOIN(", ",TRUE(),IF(($H$8:$H$62=$A92)*($C$8:$C$62="Y"),$A$8:$A$62,"")),""))} | D92: =IF($A92="","",COUNTIFS($H$8:$H$62,$A92,$C$8:$C$62,"Y")) | E92: =IF($A92="","",SUMIFS($O$8:$O$62,$H$8:$H$62,$A92,$C$8:$C$62,"Y")) | F92: =IF($A92="","",SUMIFS($P$8:$P$62,$H$8:$H$62,$A92,$C$8:$C$62,"Y")) | G92: {=IF(OR($A92="",COUNTIFS($H$8:$H$62,$A92,$C$8:$C$62,"Y")=0),"",MAX(IF(($H$8:$H$62=$A92)*($C$8:$C$62="Y"),$L$8:$L$62,0)))} | H92: {=IF(OR($A92="",COUNTIFS($H$8:$H$62,$A92,$C$8:$C$62,"Y")=0),"",IF(MIN(IF(($H$8:$H$62=$A92)*($C$8:$C$62="Y")*ISNUMBER($N$8:$N$62),$N$8:$N$62,9E+099))>=9E+099,"",MIN(IF(($H$8:$H$62=$A92)*($C$8:$C$62="Y")*ISNUMBER($N$8:$N$62),$N$8:$N$62,9E+099))))} | I92: {=IF(OR($A92="",COUNTIFS($H$8:$H$62,$A92,$C$8:$C$62,"Y")=0),"",MAX(IF(($H$8:$H$62=$A92)*($C$8:$C$62="Y"),$J$8:$J$62,0)))}
B93: =IF($A93="","",IFERROR(INDEX($E$8:$E$62,MATCH($A93,$H$8:$H$62,0)),"")) | C93: {=IF($A93="","",IFERROR(_xlfn.TEXTJOIN(", ",TRUE(),IF(($H$8:$H$62=$A93)*($C$8:$C$62="Y"),$A$8:$A$62,"")),""))} | D93: =IF($A93="","",COUNTIFS($H$8:$H$62,$A93,$C$8:$C$62,"Y")) | E93: =IF($A93="","",SUMIFS($O$8:$O$62,$H$8:$H$62,$A93,$C$8:$C$62,"Y")) | F93: =IF($A93="","",SUMIFS($P$8:$P$62,$H$8:$H$62,$A93,$C$8:$C$62,"Y")) | G93: {=IF(OR($A93="",COUNTIFS($H$8:$H$62,$A93,$C$8:$C$62,"Y")=0),"",MAX(IF(($H$8:$H$62=$A93)*($C$8:$C$62="Y"),$L$8:$L$62,0)))} | H93: {=IF(OR($A93="",COUNTIFS($H$8:$H$62,$A93,$C$8:$C$62,"Y")=0),"",IF(MIN(IF(($H$8:$H$62=$A93)*($C$8:$C$62="Y")*ISNUMBER($N$8:$N$62),$N$8:$N$62,9E+099))>=9E+099,"",MIN(IF(($H$8:$H$62=$A93)*($C$8:$C$62="Y")*ISNUMBER($N$8:$N$62),$N$8:$N$62,9E+099))))} | I93: {=IF(OR($A93="",COUNTIFS($H$8:$H$62,$A93,$C$8:$C$62,"Y")=0),"",MAX(IF(($H$8:$H$62=$A93)*($C$8:$C$62="Y"),$J$8:$J$62,0)))}
B94: =IF($A94="","",IFERROR(INDEX($E$8:$E$62,MATCH($A94,$H$8:$H$62,0)),"")) | C94: {=IF($A94="","",IFERROR(_xlfn.TEXTJOIN(", ",TRUE(),IF(($H$8:$H$62=$A94)*($C$8:$C$62="Y"),$A$8:$A$62,"")),""))} | D94: =IF($A94="","",COUNTIFS($H$8:$H$62,$A94,$C$8:$C$62,"Y")) | E94: =IF($A94="","",SUMIFS($O$8:$O$62,$H$8:$H$62,$A94,$C$8:$C$62,"Y")) | F94: =IF($A94="","",SUMIFS($P$8:$P$62,$H$8:$H$62,$A94,$C$8:$C$62,"Y")) | G94: {=IF(OR($A94="",COUNTIFS($H$8:$H$62,$A94,$C$8:$C$62,"Y")=0),"",MAX(IF(($H$8:$H$62=$A94)*($C$8:$C$62="Y"),$L$8:$L$62,0)))} | H94: {=IF(OR($A94="",COUNTIFS($H$8:$H$62,$A94,$C$8:$C$62,"Y")=0),"",IF(MIN(IF(($H$8:$H$62=$A94)*($C$8:$C$62="Y")*ISNUMBER($N$8:$N$62),$N$8:$N$62,9E+099))>=9E+099,"",MIN(IF(($H$8:$H$62=$A94)*($C$8:$C$62="Y")*ISNUMBER($N$8:$N$62),$N$8:$N$62,9E+099))))} | I94: {=IF(OR($A94="",COUNTIFS($H$8:$H$62,$A94,$C$8:$C$62,"Y")=0),"",MAX(IF(($H$8:$H$62=$A94)*($C$8:$C$62="Y"),$J$8:$J$62,0)))}
B95: =IF($A95="","",IFERROR(INDEX($E$8:$E$62,MATCH($A95,$H$8:$H$62,0)),"")) | C95: {=IF($A95="","",IFERROR(_xlfn.TEXTJOIN(", ",TRUE(),IF(($H$8:$H$62=$A95)*($C$8:$C$62="Y"),$A$8:$A$62,"")),""))} | D95: =IF($A95="","",COUNTIFS($H$8:$H$62,$A95,$C$8:$C$62,"Y")) | E95: =IF($A95="","",SUMIFS($O$8:$O$62,$H$8:$H$62,$A95,$C$8:$C$62,"Y")) | F95: =IF($A95="","",SUMIFS($P$8:$P$62,$H$8:$H$62,$A95,$C$8:$C$62,"Y")) | G95: {=IF(OR($A95="",COUNTIFS($H$8:$H$62,$A95,$C$8:$C$62,"Y")=0),"",MAX(IF(($H$8:$H$62=$A95)*($C$8:$C$62="Y"),$L$8:$L$62,0)))} | H95: {=IF(OR($A95="",COUNTIFS($H$8:$H$62,$A95,$C$8:$C$62,"Y")=0),"",IF(MIN(IF(($H$8:$H$62=$A95)*($C$8:$C$62="Y")*ISNUMBER($N$8:$N$62),$N$8:$N$62,9E+099))>=9E+099,"",MIN(IF(($H$8:$H$62=$A95)*($C$8:$C$62="Y")*ISNUMBER($N$8:$N$62),$N$8:$N$62,9E+099))))} | I95: {=IF(OR($A95="",COUNTIFS($H$8:$H$62,$A95,$C$8:$C$62,"Y")=0),"",MAX(IF(($H$8:$H$62=$A95)*($C$8:$C$62="Y"),$J$8:$J$62,0)))}
A96: TOTAL deliverable hours | B96: (tasked rows that produce a CDRL; effort-only rows are excluded) | E96: =SUM(E66:E95) -> 8719.5072 | F96: =SUM(F66:F95) -> 13079.261
A98: DELIVERY TIMELINE (D = draft due, F = final due; months beyond program end are blank)
A99: CDRL # | B99: DID / Title | R99: =IF(EDATE(Inputs!$B$4,0)>Inputs!$B$5,"",EDATE(Inputs!$B$4,0)) -> 46391 | S99: =IF(EDATE(Inputs!$B$4,1)>Inputs!$B$5,"",EDATE(Inputs!$B$4,1)) -> 46422 | T99: =IF(EDATE(Inputs!$B$4,2)>Inputs!$B$5,"",EDATE(Inputs!$B$4,2)) -> 46450 | U99: =IF(EDATE(Inputs!$B$4,3)>Inputs!$B$5,"",EDATE(Inputs!$B$4,3)) -> 46481 | V99: =IF(EDATE(Inputs!$B$4,4)>Inputs!$B$5,"",EDATE(Inputs!$B$4,4)) -> 46511 | W99: =IF(EDATE(Inputs!$B$4,5)>Inputs!$B$5,"",EDATE(Inputs!$B$4,5)) -> 46542 | X99: =IF(EDATE(Inputs!$B$4,6)>Inputs!$B$5,"",EDATE(Inputs!$B$4,6)) -> 46572 | Y99: =IF(EDATE(Inputs!$B$4,7)>Inputs!$B$5,"",EDATE(Inputs!$B$4,7)) -> 46603 | Z99: =IF(EDATE(Inputs!$B$4,8)>Inputs!$B$5,"",EDATE(Inputs!$B$4,8)) -> 46634 | AA99: =IF(EDATE(Inputs!$B$4,9)>Inputs!$B$5,"",EDATE(Inputs!$B$4,9)) -> 46664 | AB99: =IF(EDATE(Inputs!$B$4,10)>Inputs!$B$5,"",EDATE(Inputs!$B$4,10)) -> 46695 | AC99: =IF(EDATE(Inputs!$B$4,11)>Inputs!$B$5,"",EDATE(Inputs!$B$4,11)) -> 46725 | AD99: =IF(EDATE(Inputs!$B$4,12)>Inputs!$B$5,"",EDATE(Inputs!$B$4,12)) -> 46756 | AE99: =IF(EDATE(Inputs!$B$4,13)>Inputs!$B$5,"",EDATE(Inputs!$B$4,13)) -> 46787 | AF99: =IF(EDATE(Inputs!$B$4,14)>Inputs!$B$5,"",EDATE(Inputs!$B$4,14)) -> 46816 | AG99: =IF(EDATE(Inputs!$B$4,15)>Inputs!$B$5,"",EDATE(Inputs!$B$4,15)) -> 46847 | AH99: =IF(EDATE(Inputs!$B$4,16)>Inputs!$B$5,"",EDATE(Inputs!$B$4,16)) -> 46877 | AI99: =IF(EDATE(Inputs!$B$4,17)>Inputs!$B$5,"",EDATE(Inputs!$B$4,17)) -> 46908 | AJ99: =IF(EDATE(Inputs!$B$4,18)>Inputs!$B$5,"",EDATE(Inputs!$B$4,18)) -> 46938 | AK99: =IF(EDATE(Inputs!$B$4,19)>Inputs!$B$5,"",EDATE(Inputs!$B$4,19)) -> 46969 | AL99: =IF(EDATE(Inputs!$B$4,20)>Inputs!$B$5,"",EDATE(Inputs!$B$4,20)) -> 47000 | AM99: =IF(EDATE(Inputs!$B$4,21)>Inputs!$B$5,"",EDATE(Inputs!$B$4,21)) -> 47030 | AN99: =IF(EDATE(Inputs!$B$4,22)>Inputs!$B$5,"",EDATE(Inputs!$B$4,22)) -> 47061 | AO99: =IF(EDATE(Inputs!$B$4,23)>Inputs!$B$5,"",EDATE(Inputs!$B$4,23)) -> 47091 | AP99: =IF(EDATE(Inputs!$B$4,24)>Inputs!$B$5,"",EDATE(Inputs!$B$4,24)) -> 47122 | AQ99: =IF(EDATE(Inputs!$B$4,25)>Inputs!$B$5,"",EDATE(Inputs!$B$4,25)) -> 47153 | AR99: =IF(EDATE(Inputs!$B$4,26)>Inputs!$B$5,"",EDATE(Inputs!$B$4,26)) -> 47181 | AS99: =IF(EDATE(Inputs!$B$4,27)>Inputs!$B$5,"",EDATE(Inputs!$B$4,27)) -> 47212 | AT99: =IF(EDATE(Inputs!$B$4,28)>Inputs!$B$5,"",EDATE(Inputs!$B$4,28)) -> 47242 | AU99: =IF(EDATE(Inputs!$B$4,29)>Inputs!$B$5,"",EDATE(Inputs!$B$4,29)) -> 47273 | AV99: =IF(EDATE(Inputs!$B$4,30)>Inputs!$B$5,"",EDATE(Inputs!$B$4,30)) -> 47303 | AW99: =IF(EDATE(Inputs!$B$4,31)>Inputs!$B$5,"",EDATE(Inputs!$B$4,31)) -> 47334 | AX99: =IF(EDATE(Inputs!$B$4,32)>Inputs!$B$5,"",EDATE(Inputs!$B$4,32)) -> 47365 | AY99: =IF(EDATE(Inputs!$B$4,33)>Inputs!$B$5,"",EDATE(Inputs!$B$4,33)) -> 47395 | AZ99: =IF(EDATE(Inputs!$B$4,34)>Inputs!$B$5,"",EDATE(Inputs!$B$4,34)) -> 47426 | BA99: =IF(EDATE(Inputs!$B$4,35)>Inputs!$B$5,"",EDATE(Inputs!$B$4,35)) -> 47456 | BB99: =IF(EDATE(Inputs!$B$4,36)>Inputs!$B$5,"",EDATE(Inputs!$B$4,36)) | BC99: =IF(EDATE(Inputs!$B$4,37)>Inputs!$B$5,"",EDATE(Inputs!$B$4,37)) | BD99: =IF(EDATE(Inputs!$B$4,38)>Inputs!$B$5,"",EDATE(Inputs!$B$4,38)) | BE99: =IF(EDATE(Inputs!$B$4,39)>Inputs!$B$5,"",EDATE(Inputs!$B$4,39)) | BF99: =IF(EDATE(Inputs!$B$4,40)>Inputs!$B$5,"",EDATE(Inputs!$B$4,40)) | BG99: =IF(EDATE(Inputs!$B$4,41)>Inputs!$B$5,"",EDATE(Inputs!$B$4,41)) | BH99: =IF(EDATE(Inputs!$B$4,42)>Inputs!$B$5,"",EDATE(Inputs!$B$4,42)) | BI99: =IF(EDATE(Inputs!$B$4,43)>Inputs!$B$5,"",EDATE(Inputs!$B$4,43)) | BJ99: =IF(EDATE(Inputs!$B$4,44)>Inputs!$B$5,"",EDATE(Inputs!$B$4,44)) | BK99: =IF(EDATE(Inputs!$B$4,45)>Inputs!$B$5,"",EDATE(Inputs!$B$4,45)) | BL99: =IF(EDATE(Inputs!$B$4,46)>Inputs!$B$5,"",EDATE(Inputs!$B$4,46)) | BM99: =IF(EDATE(Inputs!$B$4,47)>Inputs!$B$5,"",EDATE(Inputs!$B$4,47)) | BN99: =IF(EDATE(Inputs!$B$4,48)>Inputs!$B$5,"",EDATE(Inputs!$B$4,48)) | BO99: =IF(EDATE(Inputs!$B$4,49)>Inputs!$B$5,"",EDATE(Inputs!$B$4,49)) | BP99: =IF(EDATE(Inputs!$B$4,50)>Inputs!$B$5,"",EDATE(Inputs!$B$4,50)) | BQ99: =IF(EDATE(Inputs!$B$4,51)>Inputs!$B$5,"",EDATE(Inputs!$B$4,51)) | BR99: =IF(EDATE(Inputs!$B$4,52)>Inputs!$B$5,"",EDATE(Inputs!$B$4,52)) | BS99: =IF(EDATE(Inputs!$B$4,53)>Inputs!$B$5,"",EDATE(Inputs!$B$4,53)) | BT99: =IF(EDATE(Inputs!$B$4,54)>Inputs!$B$5,"",EDATE(Inputs!$B$4,54)) | BU99: =IF(EDATE(Inputs!$B$4,55)>Inputs!$B$5,"",EDATE(Inputs!$B$4,55)) | BV99: =IF(EDATE(Inputs!$B$4,56)>Inputs!$B$5,"",EDATE(Inputs!$B$4,56)) | BW99: =IF(EDATE(Inputs!$B$4,57)>Inputs!$B$5,"",EDATE(Inputs!$B$4,57)) | BX99: =IF(EDATE(Inputs!$B$4,58)>Inputs!$B$5,"",EDATE(Inputs!$B$4,58)) | BY99: =IF(EDATE(Inputs!$B$4,59)>Inputs!$B$5,"",EDATE(Inputs!$B$4,59)) | BZ99: =IF(EDATE(Inputs!$B$4,60)>Inputs!$B$5,"",EDATE(Inputs!$B$4,60)) | CA99: =IF(EDATE(Inputs!$B$4,61)>Inputs!$B$5,"",EDATE(Inputs!$B$4,61)) | CB99: =IF(EDATE(Inputs!$B$4,62)>Inputs!$B$5,"",EDATE(Inputs!$B$4,62)) | CC99: =IF(EDATE(Inputs!$B$4,63)>Inputs!$B$5,"",EDATE(Inputs!$B$4,63)) | CD99: =IF(EDATE(Inputs!$B$4,64)>Inputs!$B$5,"",EDATE(Inputs!$B$4,64)) | CE99: =IF(EDATE(Inputs!$B$4,65)>Inputs!$B$5,"",EDATE(Inputs!$B$4,65)) | CF99: =IF(EDATE(Inputs!$B$4,66)>Inputs!$B$5,"",EDATE(Inputs!$B$4,66)) | CG99: =IF(EDATE(Inputs!$B$4,67)>Inputs!$B$5,"",EDATE(Inputs!$B$4,67)) | CH99: =IF(EDATE(Inputs!$B$4,68)>Inputs!$B$5,"",EDATE(Inputs!$B$4,68)) | CI99: =IF(EDATE(Inputs!$B$4,69)>Inputs!$B$5,"",EDATE(Inputs!$B$4,69)) | CJ99: =IF(EDATE(Inputs!$B$4,70)>Inputs!$B$5,"",EDATE(Inputs!$B$4,70)) | CK99: =IF(EDATE(Inputs!$B$4,71)>Inputs!$B$5,"",EDATE(Inputs!$B$4,71))
